﻿<?xml version="1.0" encoding="utf-8"?>
<deployment>
  <id>c7055267-8601-41ba-bb75-919e4f9b0990</id>
  <author>N/A</author>
  <deployer>Push-Deployer</deployer>
  <authorEmail>N/A</authorEmail>
  <message>Created via a push deployment</message>
  <progress></progress>
  <status>Success</status>
  <statusText></statusText>
  <lastSuccessEndTime>2025-04-07T14:05:33.0321581Z</lastSuccessEndTime>
  <receivedTime>2025-04-07T14:04:18.6353574Z</receivedTime>
  <startTime>2025-04-07T14:04:19.9495902Z</startTime>
  <endTime>2025-04-07T14:05:33.0321581Z</endTime>
  <complete>True</complete>
  <is_temp>False</is_temp>
  <is_readonly>True</is_readonly>
  <buildSummary />
</deployment>