<step title="Incoming Request" date="2025-04-07T14:04:13.471" instance="79e629" url="/api/zipdeploy?isAsync=true" method="POST" type="request" pid="823,1,7" Accept="application/json" Host="scholargy-dz3lcl3szkm74.scm.azurewebsites.net" User-Agent="azsdk-go-zip-deploy/1.0.0 (go1.24.0 X:loopvar; Windows_NT),azdev/1.14.0 (Go go1.24.0 X:loopvar; windows/amd64)" Accept-Encoding="gzip" Authorization="Bea..." Content-Type="application/octet-stream" Content-Length="99511" X-Ms-Correlation-Request-Id="110f4cb15e0125b2b8155c4726d2e856" X-ARR-LOG-ID="110f4cb1-5e01-25b2-b815-5c4726d2e856" CLIENT-IP="96.241.177.59:64779" X-SITE-DEPLOYMENT-ID="scholargy-dz3lcl3szkm74" WAS-DEFAULT-HOSTNAME="scholargy-dz3lcl3szkm74.scm.azurewebsites.net" X-Forwarded-Proto="https" X-AppService-Proto="https" X-Forwarded-TlsVersion="1.3" X-WAWS-Unencoded-URL="/api/zipdeploy?isAsync=true" X-Client-IP="96.241.177.59" X-Client-Port="64779" >
  <step title="ZipPushDeploy" date="2025-04-07T14:04:14.329" >
    <step title="ZipDeploy. Extract zip. Remote build." date="2025-04-07T14:04:14.336" /><!-- duration: 3ms -->
    <step title="None repository commit" date="2025-04-07T14:04:14.352" >
      <step title="Commit id: c7055267-8601-41ba-bb75-919e4f9b0990" date="2025-04-07T14:04:14.357" Message="N/A" AuthorName="N/A" AuthorEmail="N/A" /><!-- duration: 2ms -->
    </step><!-- duration: 9ms -->
    <step title="Starting PushDeployAsync" date="2025-04-07T14:04:14.363" /><!-- duration: 3ms -->
    <step title="Writing artifact to /tmp/zipdeploy/bdb95e6b-2abb-4d2f-b584-0930e48277e7.zip" date="2025-04-07T14:04:14.383" >
      <step title="Writing multipart request body to /tmp/zipdeploy/bdb95e6b-2abb-4d2f-b584-0930e48277e7.zip" date="2025-04-07T14:04:14.392" /><!-- duration: 9ms -->
    </step><!-- duration: 88ms -->
    <step title="Start deployment in the background" date="2025-04-07T14:04:14.493" >
      <step title="Acquiring Deployment Lock" date="2025-04-07T14:04:14.521" /><!-- duration: 3ms -->
      <step title="Acquired Deployment Lock" date="2025-04-07T14:04:14.571" /><!-- duration: 2ms -->
    </step><!-- duration: 180ms -->
  </step><!-- duration: 352ms -->
  <step title="Outgoing response" date="2025-04-07T14:04:14.707" type="response" statusCode="202" statusText="Accepted" /><!-- duration: 2ms -->
</step><!-- duration: 1239ms -->
