<step title="Incoming Request" date="2025-07-29T06:14:07.987" instance="dac84c" url="/deploy?scmType=GitHub" method="POST" type="request" pid="823,1,7" Accept="*/*" Host="scholargy-dz3lcl3szkm74.scm.azurewebsites.net" User-Agent="GitHub-Hookshot/4f8bd7a" Authorization="Bas..." Content-Type="application/x-www-form-urlencoded" Content-Length="11433" X-GitHub-Delivery="3b3e2ae2-6c43-11f0-9a44-34779c962d25" X-GitHub-Event="push" X-GitHub-Hook-ID="560763252" X-GitHub-Hook-Installation-Target-ID="1027794018" X-GitHub-Hook-Installation-Target-Type="repository" X-ARR-LOG-ID="8b620342-a256-432b-8665-0a33db5244f2" CLIENT-IP="140.82.115.11:15750" X-SITE-DEPLOYMENT-ID="scholargy-dz3lcl3szkm74" WAS-DEFAULT-HOSTNAME="scholargy-dz3lcl3szkm74.scm.azurewebsites.net" X-Forwarded-Proto="https" X-AppService-Proto="https" X-Forwarded-TlsVersion="1.3" X-WAWS-Unencoded-URL="/deploy?scmType=GitHub" X-Client-IP="140.82.115.11" X-Client-Port="15750" >
  <step title="Cleanup Xml Logs" date="2025-07-29T06:14:07.999" >
    <step title="Cleanup Infos" date="2025-07-29T06:14:08.136" totalFiles="238" totalCleanup="78" /><!-- duration: 106ms -->
  </step><!-- duration: 258ms -->
  <step title="FetchHandler" date="2025-07-29T06:14:10.183" >
    <step title="Executing external process" date="2025-07-29T06:14:10.568" type="process" path="git" arguments="rev-parse --git-dir" /><!-- duration: 281ms -->
    <step title="Executing external process" date="2025-07-29T06:14:10.918" type="process" path="git" arguments="rev-parse --git-dir" /><!-- duration: 69ms -->
    <step title="Executing external process" date="2025-07-29T06:14:11.036" type="process" path="git" arguments="log -n 1 master --" >
      <step title="Process dump" date="2025-07-29T06:14:11.305" exitCode="128" type="processOutput" /><!-- duration: 287ms -->
    </step><!-- duration: 566ms -->
    <step title="Start deployment in the background" date="2025-07-29T06:14:11.640" /><!-- duration: 147ms -->
  <step title="Executing external process" date="2025-07-29T06:14:11.815" type="process" path="git" arguments="rev-parse --git-dir"   </step><!-- duration: 1626ms -->
    <step title="Outgoing response" date="2025-07-29T06:14:11.875" type="response" statusCode="202" statusText="Accepted" /><!-- duration: 9ms -->
  </step><!-- duration: 87ms -->
</step><!-- duration: 3917ms -->
