<step title="BackgroundTrace" date="2025-07-29T07:08:09.832" instance="dac84c" url="/api/zipdeploy" method="POST" >
  <step title="Creating temporary deployment - FetchDeploymentManager" date="2025-07-29T07:08:09.887" /><!-- duration: 3ms -->
  <step title="Creating temporary deployment" date="2025-07-29T07:08:09.894" /><!-- duration: 60ms -->
  <step title="Performing fetch based deployment" date="2025-07-29T07:08:10.005" >
    <step title="Cleaning up temp folders from previous zip deployments and extracting pushed zip file /tmp/zipdeploy/da2907b0-cc45-4ad9-a653-78e0ae2c4e12.zip (19.00 MB) to /tmp/zipdeploy/extracted" date="2025-07-29T07:08:11.208" >
      <step title="ChmodRecursive Process exited with total time taken in ms: 191" date="2025-07-29T07:08:30.520" /><!-- duration: 18ms -->
    </step><!-- duration: 19349ms -->
    <step title="Deployment timer started" date="2025-07-29T07:08:32.606" >
      <step title="DeploymentManager.Deploy(id:164edf9a-a1e2-4f4b-830b-53f69d9d0172)" date="2025-07-29T07:08:32.612" >
        <step title="Collecting changeset information" date="2025-07-29T07:08:32.646" /><!-- duration: 165ms -->
        <step title="Updating submodules" date="2025-07-29T07:08:32.816" /><!-- duration: 1083ms -->
        <step title="Determining deployment builder" date="2025-07-29T07:08:34.101" >
          <step title="Builder is BasicBuilder" date="2025-07-29T07:08:34.114" /><!-- duration: 2ms -->
        </step><!-- duration: 22ms -->
        <step title="PreDeployment: context.CleanOutputPath False" date="2025-07-29T07:08:34.162" >
          <step title="PreDeployment: context.OutputPath /home/site/wwwroot" date="2025-07-29T07:08:34.284" >
            <step title="Building" date="2025-07-29T07:08:34.404" >
              <step title="Executing external process" date="2025-07-29T07:08:34.829" type="process" path="starter.sh" arguments="/opt/Kudu/Scripts/absoluteTar.sh /tmp/zipdeploy/extracted/node_modules /tmp/zipdeploy/extracted/node_modules.tar.gz" /><!-- duration: 15771ms -->
              <step title="Executing external process" date="2025-07-29T07:08:50.859" type="process" path="starter.sh" arguments="/opt/Kudu/Scripts/parallel_rsync.sh /tmp/zipdeploy/extracted /home/site/wwwroot 8 /tmp/ False True node_modules " /><!-- duration: 4581ms -->
              <step title="Triggering recycle (preview mode disabled)." date="2025-07-29T07:08:56.154" /><!-- duration: 2ms -->
              <step title="Modified file to trigger a restart of the app container." date="2025-07-29T07:08:56.189" /><!-- duration: 10ms -->
              <step title="Skip function trigger and logicapp sync because function is not enabled." date="2025-07-29T07:08:56.219" /><!-- duration: 8ms -->
              <step title="Purge deployment items" date="2025-07-29T07:08:56.903" >
                <step title="Remove temp-e531, Failed, received at 07/29/2025 06:52:58" date="2025-07-29T07:08:56.963" /><!-- duration: 2ms -->
              </step><!-- duration: 65ms -->
            </step><!-- duration: 22619ms -->
          </step><!-- duration: 22742ms -->
          <step title="Cleaning up temp files" date="2025-07-29T07:08:57.028" /><!-- duration: 10ms -->
          <step title="Cleaning up temp files" date="2025-07-29T07:08:57.040" /><!-- duration: 510ms -->
          <step title="Reloading status file with latest updates" date="2025-07-29T07:08:57.575" >
            <step title="WebHooksManager.PublishEventAsync: PostDeployment" date="2025-07-29T07:08:57.584" /><!-- duration: 75ms -->
          </step><!-- duration: 87ms -->
          <step title="Cleaning up temporary deployment - fetch deployment was successful" date="2025-07-29T07:08:57.669" /><!-- duration: 2ms -->
        </step><!-- duration: 23582ms -->
      </step><!-- duration: 25142ms -->
