<step title="Incoming Request" date="2025-07-27T00:26:02.429" instance="dac84c" url="/api/zipdeploy?isAsync=true" method="POST" type="request" pid="823,1,19" Accept="*/*" Host="scholargy-dz3lcl3szkm74.scm.azurewebsites.net" User-Agent="AZURECLI/2.75.0 (MSI)" Accept-Encoding="gzip, deflate" Authorization="Bas..." Cache-Control="no-cache" Content-Type="application/octet-stream" Cookie="ARRAffinity=dac84c57177f42a4c567faf255a280cc68a1fc8d4d0916fb89711a31e053dbff; ARRAffinitySameSite=dac84c57177f42a4c567faf255a280cc68a1fc8d4d0916fb89711a31e053dbff" Content-Length="29778" x-ms-client-request-id="41adbe64-6a80-11f0-afc2-c4cb76ac7ae6" x-ms-artifact-checksum="71d04373e15c9b637dc8a8f7b15e1e67ebd8563c685e5537fc990d9435452822" X-ARR-LOG-ID="41adbe64-6a80-11f0-afc2-c4cb76ac7ae6" CLIENT-IP="71.191.130.154:58743" X-SITE-DEPLOYMENT-ID="scholargy-dz3lcl3szkm74" WAS-DEFAULT-HOSTNAME="scholargy-dz3lcl3szkm74.scm.azurewebsites.net" X-Forwarded-Proto="https" X-AppService-Proto="https" X-Forwarded-TlsVersion="1.3" X-WAWS-Unencoded-URL="/api/zipdeploy?isAsync=true" X-Client-IP="71.191.130.154" X-Client-Port="58743" >
  <step title="ZipPushDeploy" date="2025-07-27T00:26:02.612" >
    <step title="ZipDeploy. Extract zip. Remote build." date="2025-07-27T00:26:02.644" /><!-- duration: 8ms -->
    <step title="None repository commit" date="2025-07-27T00:26:02.682" >
      <step title="Commit id: 65154e0e-4122-42f9-97fb-1f18157c36ab" date="2025-07-27T00:26:02.690" Message="N/A" AuthorName="N/A" AuthorEmail="N/A" /><!-- duration: 2ms -->
    </step><!-- duration: 18ms -->
    <step title="Starting PushDeployAsync" date="2025-07-27T00:26:02.720" /><!-- duration: 9ms -->
    <step title="Writing artifact to /tmp/zipdeploy/c17b0512-094f-40bd-a76f-33add70d4d02.zip" date="2025-07-27T00:26:02.807" >
      <step title="Writing multipart request body to /tmp/zipdeploy/c17b0512-094f-40bd-a76f-33add70d4d02.zip" date="2025-07-27T00:26:02.824" /><!-- duration: 2ms -->
    </step><!-- duration: 337ms -->
    <step title="None repository commit" date="2025-07-27T00:26:03.158" >
      <step title="Commit id: 65154e0e-4122-42f9-97fb-1f18157c36ab" date="2025-07-27T00:26:03.174" Message="N/A" AuthorName="N/A" AuthorEmail="N/A" /><!-- duration: 11ms -->
    </step><!-- duration: 35ms -->
    <step title="Start deployment in the background" date="2025-07-27T00:26:03.222" >
      <step title="None repository commit" date="2025-07-27T00:26:03.279" >
        <step title="Commit id: 65154e0e-4122-42f9-97fb-1f18157c36ab" date="2025-07-27T00:26:03.300" Message="N/A" AuthorName="N/A" AuthorEmail="N/A" /><!-- duration: 9ms -->
      </step><!-- duration: 39ms -->
      <step title="Acquiring Deployment Lock" date="2025-07-27T00:26:03.328" /><!-- duration: 18ms -->
      <step title="Acquired Deployment Lock" date="2025-07-27T00:26:03.542" /><!-- duration: 27ms -->
    </step><!-- duration: 509ms -->
  </step><!-- duration: 1138ms -->
  <step title="Outgoing response" date="2025-07-27T00:26:03.816" type="response" statusCode="202" statusText="Accepted" /><!-- duration: 2ms -->
</step><!-- duration: 1407ms -->
