<step title="BackgroundTrace" date="2025-07-08T00:17:33.151" instance="9dead3" url="/deploy" method="POST" >
  <step title="Creating temporary deployment - FetchDeploymentManager" date="2025-07-08T00:17:33.428" /><!-- duration: 2ms -->
  <step title="Creating temporary deployment" date="2025-07-08T00:17:33.444" /><!-- duration: 136ms -->
  <step title="Performing fetch based deployment" date="2025-07-08T00:17:33.840" >
    <step title="Deployment timer started" date="2025-07-08T00:17:36.742" >
      <step title="DeploymentManager.Deploy(id:19c8c91860de6d14cb8fdb602a0316476d6209a4)" date="2025-07-08T00:17:36.789" >
        <step title="Collecting changeset information" date="2025-07-08T00:17:36.812" /><!-- duration: 128ms -->
        <step title="Updating submodules" date="2025-07-08T00:17:36.990" /><!-- duration: 1217ms -->
        <step title="Determining deployment builder" date="2025-07-08T00:17:38.573" >
          <step title="Builder is OryxBuilder" date="2025-07-08T00:17:38.625" /><!-- duration: 8ms -->
        </step><!-- duration: 62ms -->
        <step title="PreDeployment: context.CleanOutputPath False" date="2025-07-08T00:17:38.754" >
          <step title="PreDeployment: context.OutputPath /home/site/wwwroot" date="2025-07-08T00:17:38.878" >
            <step title="Building" date="2025-07-08T00:17:39.049" >
              <step title="Executing external process" date="2025-07-08T00:17:39.538" type="process" path="bash" arguments="-c &quot;oryx build /home/site/repository -o /home/site/wwwroot --platform nodejs --platform-version 20 -p virtualenv_name= --log-file /tmp/build-debug.log  -i /tmp/8ddbdb4d8da8e30 -p compress_node_modules=tar-gz | tee /tmp/oryx-build.log ; exit $PIPESTATUS &quot;" >
                <step title="Cpu: npm install(1293,14.320s)+build.sh(1195,0.060s)+oryx(1174,6.900s)+tee(1175,0.000s)+bash(1173,0.000s)=total(21.240s)" date="2025-07-08T00:19:23.607" /><!-- duration: 83ms -->
                <step title="bash: no io activity for 60s, prev-cpu=-1.000s, current-cpu=21.240s" date="2025-07-08T00:19:23.840" /><!-- duration: 70ms -->
                <step title="Cpu: npm install(1293,28.840s)+build.sh(1195,0.060s)+oryx(1174,7.190s)+tee(1175,0.000s)+bash(1173,0.000s)=total(36.050s)" date="2025-07-08T00:20:26.592" /><!-- duration: 50ms -->
                <step title="bash: no io activity for 123s, prev-cpu=21.240s, current-cpu=36.050s" date="2025-07-08T00:20:26.693" /><!-- duration: 3ms -->
                <step title="Cpu: npm install(1293,54.040s)+build.sh(1195,0.060s)+oryx(1174,7.990s)+tee(1175,0.000s)+bash(1173,0.000s)=total(62.050s)" date="2025-07-08T00:22:47.281" /><!-- duration: 38ms -->
                <step title="bash: no io activity for 61s, prev-cpu=-1.000s, current-cpu=62.050s" date="2025-07-08T00:22:49.112" /><!-- duration: 473ms -->
