<step title="Incoming Request" date="2025-07-07T22:53:06.699" instance="9dead3" url="/deploy?scmType=GitHub&amp;isAsync=true" method="POST" type="request" pid="823,1,7" Host="scholargy-dz3lcl3szkm74.scm.azurewebsites.net" User-Agent="Azure-WebSites-Controller/104.0.7.136" Authorization="Bas..." Expect="100-continue" Content-Length="85" x-ms-request-id="03a0d14f-c833-456d-9763-cd31770fa438" X-ARR-LOG-ID="03a0d14f-c833-456d-9763-cd31770fa438" CLIENT-IP="20.119.128.3:34946" X-SITE-DEPLOYMENT-ID="scholargy-dz3lcl3szkm74" WAS-DEFAULT-HOSTNAME="scholargy-dz3lcl3szkm74.scm.azurewebsites.net" X-MS-PLATFORM-INTERNAL="True" X-Forwarded-Proto="https" X-AppService-Proto="https" X-Forwarded-TlsVersion="1.3" X-WAWS-Unencoded-URL="/deploy?scmType=GitHub&amp;isAsync=true" X-Client-IP="20.119.128.3" X-Client-Port="34946" >
  <step title="FetchHandler" date="2025-07-07T22:53:06.727" >
    <step title="GitExeRepository.Initialize" date="2025-07-07T22:53:07.324" >
      <step title="Executing external process" date="2025-07-07T22:53:07.343" type="process" path="git" arguments="init" /><!-- duration: 226ms -->
      <step title="Executing external process" date="2025-07-07T22:53:07.573" type="process" path="git" arguments="config core.autocrlf false" /><!-- duration: 38ms -->
      <step title="Executing external process" date="2025-07-07T22:53:07.615" type="process" path="git" arguments="config core.preloadindex true" /><!-- duration: 20ms -->
      <step title="Executing external process" date="2025-07-07T22:53:07.645" type="process" path="git" arguments="config user.name &quot;unknown&quot;" /><!-- duration: 21ms -->
      <step title="Executing external process" date="2025-07-07T22:53:07.669" type="process" path="git" arguments="config user.email &quot;unknown&quot;" /><!-- duration: 23ms -->
      <step title="Executing external process" date="2025-07-07T22:53:07.694" type="process" path="git" arguments="config filter.lfs.clean &quot;git-lfs clean %f&quot;" /><!-- duration: 20ms -->
      <step title="Executing external process" date="2025-07-07T22:53:07.717" type="process" path="git" arguments="config filter.lfs.smudge &quot;git-lfs smudge %f&quot;" /><!-- duration: 31ms -->
      <step title="Executing external process" date="2025-07-07T22:53:07.752" type="process" path="git" arguments="config filter.lfs.required true" /><!-- duration: 44ms -->
      <step title="Configure git server" date="2025-07-07T22:53:07.799" >
        <step title="Executing external process" date="2025-07-07T22:53:07.801" type="process" path="git" arguments="config receive.denyCurrentBranch ignore" /><!-- duration: 21ms -->
      </step><!-- duration: 26ms -->
      <step title="Create deny users for .git folder" date="2025-07-07T22:53:07.827" /><!-- duration: 14ms -->
      <step title="Configure git-credential" date="2025-07-07T22:53:07.847" >
        <step title="Executing external process" date="2025-07-07T22:53:07.859" type="process" path="git" arguments="config credential.helper &quot;!&apos;/home/site/repository/.git/hooks/git-credential-invalid.sh&apos;&quot;" /><!-- duration: 14ms -->
      </step><!-- duration: 29ms -->
      <step title="Setup post receive hook" date="2025-07-07T22:53:07.878" >
        <step title="Non-Windows enviroment, granting 755 permission to post-receive hook file" date="2025-07-07T22:53:07.898" /><!-- duration: 110ms -->
      </step><!-- duration: 132ms -->
    </step><!-- duration: 689ms -->
    <step title="Executing external process" date="2025-07-07T22:53:08.017" type="process" path="git" arguments="log -n 1 main --" >
      <step title="Process dump" date="2025-07-07T22:53:08.043" exitCode="128" type="processOutput" /><!-- duration: 4ms -->
    </step><!-- duration: 32ms -->
    <step title="Start deployment in the background" date="2025-07-07T22:53:08.057" >
      <step title="Executing external process" date="2025-07-07T22:53:08.104" type="process" path="git" arguments="rev-parse --git-dir" /><!-- duration: 22ms -->
      <step title="Executing external process" date="2025-07-07T22:53:08.129" type="process" path="git" arguments="rev-parse --git-dir" /><!-- duration: 19ms -->
      <step title="Executing external process" date="2025-07-07T22:53:08.156" type="process" path="git" arguments="log -n 1 main --" >
        <step title="Process dump" date="2025-07-07T22:53:08.187" exitCode="128" type="processOutput" /><!-- duration: 2ms -->
      </step><!-- duration: 34ms -->
      <step title="Acquiring Deployment Lock" date="2025-07-07T22:53:08.192" /><!-- duration: 2ms -->
      <step title="Acquired Deployment Lock" date="2025-07-07T22:53:08.225" /><!-- duration: 2ms -->
    </step><!-- duration: 238ms -->
  </step><!-- duration: 1572ms -->
  <step title="Outgoing response" date="2025-07-07T22:53:08.315" type="response" statusCode="202" statusText="Accepted" /><!-- duration: 2ms -->
</step><!-- duration: 1620ms -->
