<step title="BackgroundTrace" date="2025-07-29T06:14:11.659" instance="dac84c" url="/deploy" method="POST" >
  <step title="Cleanup Xml Logs" date="2025-07-29T06:14:11.662" >
    <step title="Cleanup Infos" date="2025-07-29T06:14:11.721" totalFiles="239" totalCleanup="79" /><!-- duration: 28ms -->
  </step><!-- duration: 96ms -->
  <step title="Performing fetch based deployment" date="2025-07-29T06:14:48.549" >
    <step title="Creating temporary deployment" date="2025-07-29T06:14:48.597" /><!-- duration: 193ms -->
    <step title="Could not find status file to mark the deployment failed" date="2025-07-29T06:14:52.339" /><!-- duration: 21ms -->
  </step><!-- duration: 3830ms -->
  <step title="Error occurred" date="2025-07-29T06:14:52.456" type="error" text="One or more errors occurred. (ERROR: Repository not found.
fatal: Could not read from remote repository.

Please make sure you have the correct access rights
and the repository exists.

/usr/bin/git fetch origin --progress)" stackTrace="   at System.Threading.Tasks.Task.ThrowIfExceptional(Boolean includeTaskCanceledExceptions)
   at System.Threading.Tasks.Task.Wait(Int32 millisecondsTimeout, CancellationToken cancellationToken)
   at System.Threading.Tasks.Task.Wait()
   at Kudu.Core.Deployment.FetchDeploymentManager.&lt;&gt;c__DisplayClass22_1.&lt;PerformBackgroundDeployment&gt;b__3() in /tmp/KuduLite/Kudu.Core/Deployment/FetchDeploymentManager.cs:line 414
   at Kudu.Contracts.Infrastructure.LockExtensions.TryLockOperation(IOperationLock lockObj, Action operation, String operationName, TimeSpan timeout) in /tmp/KuduLite/Kudu.Contracts/Infrastructure/LockExtensions.cs:line 34
   at Kudu.Contracts.Infrastructure.LockExtensions.LockOperation(IOperationLock lockObj, Action operation, String operationName, TimeSpan timeout) in /tmp/KuduLite/Kudu.Contracts/Infrastructure/LockExtensions.cs:line 46
   at Kudu.Core.Deployment.FetchDeploymentManager.&lt;&gt;c__DisplayClass22_0.&lt;PerformBackgroundDeployment&gt;b__1() in /tmp/KuduLite/Kudu.Core/Deployment/FetchDeploymentManager.cs:line 393" innerText="ERROR: Repository not found.
fatal: Could not read from remote repository.

Please make sure you have the correct access rights
and the repository exists.

/usr/bin/git fetch origin --progress" innerStackTrace="   at Kudu.Core.Infrastructure.Executable.Execute(ITracer tracer, String arguments, Object[] args) in /tmp/KuduLite/Kudu.Core/Infrastructure/Executable.cs:line 79
   at Kudu.Core.SourceControl.Git.GitExeRepository.&lt;&gt;c__DisplayClass31_0.&lt;FetchWithoutConflict&gt;b__0() in /tmp/KuduLite/Kudu.Core/SourceControl/Git/GitExeRepository.cs:line 314
   at Kudu.Core.Infrastructure.OperationManager.Attempt[T](Func`1 action, Int32 retries, Int32 delayBeforeRetry, Func`2 shouldRetry) in /tmp/KuduLite/Kudu.Core/Infrastructure/OperationManager.cs:line 29
   at Kudu.Core.SourceControl.Git.GitExeRepository.FetchWithoutConflict(String remote, String branchName) in /tmp/KuduLite/Kudu.Core/SourceControl/Git/GitExeRepository.cs:line 314
   at Kudu.Services.ServiceHookHandlers.ServiceHookHandlerBase.Fetch(IRepository repository, DeploymentInfoBase deploymentInfo, String targetBranch, ILogger logger, ITracer tracer) in /tmp/KuduLite/Kudu.Services/ServiceHookHandlers/ServiceHookHandlerBase.cs:line 32
   at System.Threading.Tasks.Task`1.InnerInvoke()
   at System.Threading.ExecutionContext.RunFromThreadPoolDispatchLoop(Thread threadPoolThread, ExecutionContext executionContext, ContextCallback callback, Object state)
--- End of stack trace from previous location ---
   at System.Threading.ExecutionContext.RunFromThreadPoolDispatchLoop(Thread threadPoolThread, ExecutionContext executionContext, ContextCallback callback, Object state)
   at System.Threading.Tasks.Task.ExecuteWithThreadLocal(Task&amp; currentTaskSlot, Thread threadPoolThread)
--- End of stack trace from previous location ---
   at Kudu.Core.Deployment.FetchDeploymentManager.PerformDeployment(DeploymentInfoBase deploymentInfo, IDisposable tempDeployment, ChangeSet tempChangeSet, DeployStatusApiResult updateStatusObj) in /tmp/KuduLite/Kudu.Core/Deployment/FetchDeploymentManager.cs:line 200" /><!-- duration: 10ms -->
</step><!-- duration: 40816ms -->
