<step title="Incoming Request" date="2025-07-29T06:52:58.153" instance="dac84c" url="/deploy?scmType=GitHub" method="POST" type="request" pid="823,1,21" Accept="*/*" Host="scholargy-dz3lcl3szkm74.scm.azurewebsites.net" User-Agent="GitHub-Hookshot/4f8bd7a" Authorization="Bas..." Content-Type="application/x-www-form-urlencoded" Content-Length="13677" X-GitHub-Delivery="a8d414ae-6c48-11f0-9788-6f9bff6c4bcf" X-GitHub-Event="push" X-GitHub-Hook-ID="560763252" X-GitHub-Hook-Installation-Target-ID="1027794018" X-GitHub-Hook-Installation-Target-Type="repository" X-ARR-LOG-ID="8d0ed07e-2a2a-4ae3-98c4-1a9f6978a718" CLIENT-IP="140.82.115.46:15610" X-SITE-DEPLOYMENT-ID="scholargy-dz3lcl3szkm74" WAS-DEFAULT-HOSTNAME="scholargy-dz3lcl3szkm74.scm.azurewebsites.net" X-Forwarded-Proto="https" X-AppService-Proto="https" X-Forwarded-TlsVersion="1.3" X-WAWS-Unencoded-URL="/deploy?scmType=GitHub" X-Client-IP="140.82.115.46" X-Client-Port="15610" >
  <step title="FetchHandler" date="2025-07-29T06:52:58.206" >
    <step title="Executing external process" date="2025-07-29T06:52:58.301" type="process" path="git" arguments="rev-parse --git-dir" /><!-- duration: 90ms -->
    <step title="Executing external process" date="2025-07-29T06:52:58.401" type="process" path="git" arguments="rev-parse --git-dir" /><!-- duration: 19ms -->
    <step title="Executing external process" date="2025-07-29T06:52:58.424" type="process" path="git" arguments="log -n 1 master --" >
      <step title="Process dump" date="2025-07-29T06:52:58.457" exitCode="128" type="processOutput" /><!-- duration: 2ms -->
    </step><!-- duration: 39ms -->
    <step title="Start deployment in the background" date="2025-07-29T06:52:58.474" /><!-- duration: 8ms -->
  </step><!-- duration: 278ms -->
  <step title="Outgoing response" date="2025-07-29T06:52:58.489" type="response" statusCode="202" statusText="Accepted" /><!-- duration: 2ms -->
</step><!-- duration: 340ms -->
