<step title="Incoming Request" date="2025-07-29T06:04:35.428" instance="dac84c" url="/deploy?scmType=GitHub" method="POST" type="request" pid="823,1,63" Accept="*/*" Host="scholargy-dz3lcl3szkm74.scm.azurewebsites.net" User-Agent="GitHub-Hookshot/4f8bd7a" Authorization="Bas..." Content-Type="application/x-www-form-urlencoded" Content-Length="11415" X-GitHub-Delivery="e6ac3222-6c41-11f0-9033-146d6664c23e" X-GitHub-Event="push" X-GitHub-Hook-ID="560763252" X-GitHub-Hook-Installation-Target-ID="1027794018" X-GitHub-Hook-Installation-Target-Type="repository" X-ARR-LOG-ID="5249e735-6706-4204-87a4-78b8e268746d" CLIENT-IP="140.82.115.248:20982" X-SITE-DEPLOYMENT-ID="scholargy-dz3lcl3szkm74" WAS-DEFAULT-HOSTNAME="scholargy-dz3lcl3szkm74.scm.azurewebsites.net" X-Forwarded-Proto="https" X-AppService-Proto="https" X-Forwarded-TlsVersion="1.3" X-WAWS-Unencoded-URL="/deploy?scmType=GitHub" X-Client-IP="140.82.115.248" X-Client-Port="20982" >
  <step title="Cleanup Xml Logs" date="2025-07-29T06:04:35.433" >
    <step title="Cleanup Infos" date="2025-07-29T06:04:35.458" totalFiles="226" totalCleanup="66" /><!-- duration: 12ms -->
  </step><!-- duration: 50ms -->
  <step title="FetchHandler" date="2025-07-29T06:04:35.514" >
    <step title="Executing external process" date="2025-07-29T06:04:35.609" type="process" path="git" arguments="rev-parse --git-dir" /><!-- duration: 165ms -->
    <step title="Executing external process" date="2025-07-29T06:04:35.782" type="process" path="git" arguments="rev-parse --git-dir" /><!-- duration: 20ms -->
    <step title="Executing external process" date="2025-07-29T06:04:35.805" type="process" path="git" arguments="log -n 1 master --" >
      <step title="Process dump" date="2025-07-29T06:04:35.841" exitCode="128" type="processOutput" /><!-- duration: 2ms -->
    </step><!-- duration: 39ms -->
    <step title="Start deployment in the background" date="2025-07-29T06:04:35.859" >
      <step title="Executing external process" date="2025-07-29T06:04:35.867" type="process" path="git" arguments="rev-parse --git-dir" /><!-- duration: 10ms -->
    </step><!-- duration: 9ms -->
    <step title="Outgoing response" date="2025-07-29T06:04:35.887" type="response" statusCode="202" statusText="Accepted"   </step><!-- duration: 382ms -->
/><!-- duration: 16ms -->
  <step title="Executing external process" date="2025-07-29T06:04:35.906" type="process" path="git" arguments="rev-parse --git-dir" </step><!-- duration: 479ms -->
