<step title="Incoming Request" date="2025-07-07T22:51:59.798" instance="9dead3" url="/api/sshkey?ensurePublicKey=True" method="GET" type="request" pid="823,1,16" Host="scholargy-dz3lcl3szkm74.scm.azurewebsites.net" User-Agent="Azure-WebSites-Controller/104.0.7.136" Authorization="Bas..." x-ms-request-id="03a0d14f-c833-456d-9763-cd31770fa438" X-ARR-LOG-ID="03a0d14f-c833-456d-9763-cd31770fa438" CLIENT-IP="20.119.128.3:34945" X-SITE-DEPLOYMENT-ID="scholargy-dz3lcl3szkm74" WAS-DEFAULT-HOSTNAME="scholargy-dz3lcl3szkm74.scm.azurewebsites.net" X-MS-PLATFORM-INTERNAL="True" X-Forwarded-Proto="https" X-AppService-Proto="https" X-Forwarded-TlsVersion="1.3" X-WAWS-Unencoded-URL="/api/sshkey?ensurePublicKey=True" X-Client-IP="20.119.128.3" X-Client-Port="34945" >
  <step title="Cleanup Xml Logs" date="2025-07-07T22:51:59.808" /><!-- duration: 18ms -->
  <step title="SSHKeyController.GetPublicKey" date="2025-07-07T22:51:59.939" >
    <step title="SSHKeyManager.GetKey" date="2025-07-07T22:51:59.986" >
      <step title="Creating key pair." date="2025-07-07T22:51:59.989" /><!-- duration: 5ms -->
      <step title="SSHKeyManager.CreateKey" date="2025-07-07T22:51:59.997" /><!-- duration: 899ms -->
    </step><!-- duration: 913ms -->
  </step><!-- duration: 962ms -->
  <step title="Outgoing response" date="2025-07-07T22:52:00.918" type="response" statusCode="200" statusText="OK" /><!-- duration: 8ms -->
</step><!-- duration: 1130ms -->
