<step title="BackgroundTrace" date="2025-04-07T14:04:14.502" instance="79e629" url="/api/zipdeploy" method="POST" >
  <step title="Creating temporary deployment - FetchDeploymentManager" date="2025-04-07T14:04:14.576" /><!-- duration: 2ms -->
  <step title="Creating temporary deployment" date="2025-04-07T14:04:14.580" /><!-- duration: 89ms -->
  <step title="Performing fetch based deployment" date="2025-04-07T14:04:14.789" >
    <step title="Cleaning up temp folders from previous zip deployments and extracting pushed zip file /tmp/zipdeploy/bdb95e6b-2abb-4d2f-b584-0930e48277e7.zip (0.09 MB) to /tmp/zipdeploy/extracted" date="2025-04-07T14:04:15.959" >
      <step title="ChmodRecursive Process exited with total time taken in ms: 331" date="2025-04-07T14:04:16.477" /><!-- duration: 10ms -->
    </step><!-- duration: 530ms -->
    <step title="Deployment timer started" date="2025-04-07T14:04:18.525" >
      <step title="DeploymentManager.Deploy(id:c7055267-8601-41ba-bb75-919e4f9b0990)" date="2025-04-07T14:04:18.543" >
        <step title="Collecting changeset information" date="2025-04-07T14:04:18.564" /><!-- duration: 140ms -->
        <step title="Updating submodules" date="2025-04-07T14:04:18.715" /><!-- duration: 1131ms -->
        <step title="Determining deployment builder" date="2025-04-07T14:04:20.020" >
          <step title="Builder is OryxBuilder" date="2025-04-07T14:04:20.028" /><!-- duration: 2ms -->
        </step><!-- duration: 12ms -->
        <step title="PreDeployment: context.CleanOutputPath False" date="2025-04-07T14:04:20.061" >
          <step title="PreDeployment: context.OutputPath /home/site/wwwroot" date="2025-04-07T14:04:20.123" >
            <step title="Building" date="2025-04-07T14:04:20.256" >
              <step title="Executing external process" date="2025-04-07T14:04:20.612" type="process" path="bash" arguments="-c &quot;oryx build /tmp/zipdeploy/extracted -o /home/site/wwwroot --platform nodejs --platform-version 20 -p virtualenv_name= --log-file /tmp/build-debug.log  -i /tmp/8dd75dd17952401 -p compress_node_modules=tar-gz | tee /tmp/oryx-build.log ; exit $PIPESTATUS &quot;" /><!-- duration: 70967ms -->
              <step title="Using GenericDeploymentLogParser" date="2025-04-07T14:05:31.902" /><!-- duration: 2ms -->
              <step title="Triggering recycle (preview mode disabled)." date="2025-04-07T14:05:32.639" /><!-- duration: 11ms -->
              <step title="Modified file to trigger a restart of the app container." date="2025-04-07T14:05:32.687" /><!-- duration: 2ms -->
              <step title="Skip function trigger and logicapp sync because function is not enabled." date="2025-04-07T14:05:32.698" /><!-- duration: 2ms -->
            </step><!-- duration: 73231ms -->
          </step><!-- duration: 73367ms -->
          <step title="Cleaning up temp files" date="2025-04-07T14:05:33.493" /><!-- duration: 1734ms -->
          <step title="Cleaning up temp files" date="2025-04-07T14:05:35.244" /><!-- duration: 522ms -->
          <step title="Reloading status file with latest updates" date="2025-04-07T14:05:35.789" >
            <step title="WebHooksManager.PublishEventAsync: PostDeployment" date="2025-04-07T14:05:35.801" /><!-- duration: 111ms -->
          </step><!-- duration: 125ms -->
          <step title="Cleaning up temporary deployment - fetch deployment was successful" date="2025-04-07T14:05:35.918" /><!-- duration: 2ms -->
        </step><!-- duration: 75895ms -->
      </step><!-- duration: 77425ms -->
