<step title="Incoming Request" date="2025-07-29T06:14:52.632" instance="dac84c" url="/api/publish?async=true&amp;deployer=GITHUB_ONE_DEPLOY&amp;type=zip&amp;message=%7B%22type%22%3A%22deployment%22%2C%22sha%22%3A%229e940443146543127b8ff793e09b1dea55b4c5c0%22%2C%22repoName%22%3A%22marlondridley%2FscholargyMVPAzure%22%2C%22actor%22%3A%22marlondridley%22%2C%22slotName%22%3A%22Production%22%2C%22commitMessage%22%3A%22Delete%20.github%2Fworkflows%2Fazure-static-web-apps-salmon-river-0063e580f.yml%22%7D" method="POST" type="request" pid="823,1,23" Host="scholargy-dz3lcl3szkm74.scm.azurewebsites.net" User-Agent="GITHUBACTIONS_DeployWebAppToAzure_4fc5096bc1a9a7fd4986103ef1a0859a563f16147bc89b54f62179ccae5b43a0" Authorization="Bas..." Content-Type="application/octet-stream" Cookie="ARRAffinity=dac84c57177f42a4c567faf255a280cc68a1fc8d4d0916fb89711a31e053dbff;Path=/;HttpOnly;Secure;Domain=scholargy-dz3lcl3szkm74.scm.azurewebsites.net; ARRAffinitySameSite=dac84c57177f42a4c567faf255a280cc68a1fc8d4d0916fb89711a31e053dbff;Path=/;HttpOnly;SameSite=None;Secure;Domain=scholargy-dz3lcl3szkm74.scm.azurewebsites.net" Transfer-Encoding="chunked" X-ARR-LOG-ID="a8c4e685-ac3a-4e32-a5e2-f6881ec5987e" CLIENT-IP="68.154.116.65:38848" X-SITE-DEPLOYMENT-ID="scholargy-dz3lcl3szkm74" WAS-DEFAULT-HOSTNAME="scholargy-dz3lcl3szkm74.scm.azurewebsites.net" X-Forwarded-Proto="https" X-AppService-Proto="https" X-Forwarded-TlsVersion="1.3" X-WAWS-Unencoded-URL="/api/publish?async=true&amp;deployer=GITHUB_ONE_DEPLOY&amp;type=zip&amp;message=%7B%22type%22%3A%22deployment%22%2C%22sha%22%3A%229e940443146543127b8ff793e09b1dea55b4c5c0%22%2C%22repoName%22%3A%22marlondridley%2FscholargyMVPAzure%22%2C%22actor%22%3A%22marlondridley%22%2C%22slotName%22%3A%22Production%22%2C%22commitMessage%22%3A%22Delete%20.github%2Fworkflows%2Fazure-static-web-apps-salmon-river-0063e580f.yml%22%7D" X-Client-IP="68.154.116.65" X-Client-Port="38848" >
  <step title="Cleanup Xml Logs" date="2025-07-29T06:14:52.640" >
    <step title="Cleanup Infos" date="2025-07-29T06:14:52.669" totalFiles="247" totalCleanup="87" /><!-- duration: 8ms -->
  </step><!-- duration: 40ms -->
  <step title="OneDeploy" date="2025-07-29T06:14:52.699" >
    <step title="Starting PushDeployAsync" date="2025-07-29T06:14:52.720" /><!-- duration: 7ms -->
    <step title="Writing artifact to /tmp/zipdeploy/b436ada7-645e-45cc-a7e3-134b160695d2.zip" date="2025-07-29T06:14:52.754" >
      <step title="Writing multipart request body to /tmp/zipdeploy/b436ada7-645e-45cc-a7e3-134b160695d2.zip" date="2025-07-29T06:14:52.757" /><!-- duration: 18ms -->
    </step><!-- duration: 79ms -->
    <step title="Start deployment in the background" date="2025-07-29T06:14:52.864" >
      <step title="Acquiring Deployment Lock" date="2025-07-29T06:14:52.918" /><!-- duration: 27ms -->
      <step title="Acquired Deployment Lock" date="2025-07-29T06:14:53.013" /><!-- duration: 12ms -->
    </step><!-- duration: 275ms -->
  </step><!-- duration: 468ms -->
  <step title="Outgoing response" date="2025-07-29T06:14:53.175" type="response" statusCode="202" statusText="Accepted" /><!-- duration: 2ms -->
</step><!-- duration: 547ms -->
