<step title="BackgroundTrace" date="2025-07-07T22:53:08.061" instance="9dead3" url="/deploy" method="POST" >
  <step title="Creating temporary deployment - FetchDeploymentManager" date="2025-07-07T22:53:08.235" /><!-- duration: 2ms -->
  <step title="Creating temporary deployment" date="2025-07-07T22:53:08.238" /><!-- duration: 53ms -->
  <step title="Performing fetch based deployment" date="2025-07-07T22:53:08.652" >
    <step title="Deployment timer started" date="2025-07-07T22:53:11.224" >
      <step title="DeploymentManager.Deploy(id:19c8c91860de6d14cb8fdb602a0316476d6209a4)" date="2025-07-07T22:53:11.232" >
        <step title="Collecting changeset information" date="2025-07-07T22:53:11.258" /><!-- duration: 74ms -->
        <step title="Updating submodules" date="2025-07-07T22:53:11.341" /><!-- duration: 1094ms -->
        <step title="Determining deployment builder" date="2025-07-07T22:53:12.585" >
          <step title="Builder is OryxBuilder" date="2025-07-07T22:53:12.589" /><!-- duration: 8ms -->
        </step><!-- duration: 15ms -->
        <step title="PreDeployment: context.CleanOutputPath False" date="2025-07-07T22:53:12.627" >
          <step title="PreDeployment: context.OutputPath /home/site/wwwroot" date="2025-07-07T22:53:12.760" >
            <step title="Building" date="2025-07-07T22:53:12.941" >
              <step title="Executing external process" date="2025-07-07T22:53:13.157" type="process" path="bash" arguments="-c &quot;oryx build /home/site/repository -o /home/site/wwwroot --platform nodejs --platform-version 20 -p virtualenv_name= --log-file /tmp/build-debug.log  -i /tmp/8ddbda90d4289b1 -p compress_node_modules=tar-gz | tee /tmp/oryx-build.log ; exit $PIPESTATUS &quot;" >
                <step title="Cpu: npm install(1012,19.230s)+build.sh(906,0.070s)+oryx(887,8.150s)+tee(888,0.000s)+bash(886,0.010s)=total(27.450s)" date="2025-07-07T22:55:17.686" /><!-- duration: 17ms -->
                <step title="bash: no io activity for 60s, prev-cpu=-1.000s, current-cpu=27.450s" date="2025-07-07T22:55:17.740" /><!-- duration: 9ms -->
                <step title="Cpu: npm install(1012,108.320s)+build.sh(906,0.070s)+oryx(887,8.870s)+tee(888,0.000s)+bash(886,0.010s)=total(117.260s)" date="2025-07-07T23:00:00.112" /><!-- duration: 39ms -->
                <step title="bash: no io activity for 60s, prev-cpu=-1.000s, current-cpu=117.260s" date="2025-07-07T23:00:00.177" /><!-- duration: 3ms -->
                <step title="Cpu: gzip(1162,29.400s)+sh(1161,0.000s)+tar(1160,5.140s)+build.sh(906,0.080s)+oryx(887,9.130s)+tee(888,0.000s)+bash(886,0.010s)=total(43.750s)" date="2025-07-07T23:01:35.995" /><!-- duration: 21ms -->
                <step title="bash: no io activity for 61s, prev-cpu=-1.000s, current-cpu=43.750s" date="2025-07-07T23:01:36.053" /><!-- duration: 30ms -->
              </step><!-- duration: 566672ms -->
              <step title="Using GenericDeploymentLogParser" date="2025-07-07T23:02:40.238" /><!-- duration: 8ms -->
              <step title="Triggering recycle (preview mode disabled)." date="2025-07-07T23:02:41.293" /><!-- duration: 4ms -->
              <step title="Modified file to trigger a restart of the app container." date="2025-07-07T23:02:41.320" /><!-- duration: 2ms -->
              <step title="Skip function trigger and logicapp sync because function is not enabled." date="2025-07-07T23:02:41.338" /><!-- duration: 2ms -->
            </step><!-- duration: 568969ms -->
          </step><!-- duration: 569153ms -->
          <step title="Cleaning up temp files" date="2025-07-07T23:02:41.915" /><!-- duration: 8122ms -->
          <step title="Cleaning up temp files" date="2025-07-07T23:02:50.086" /><!-- duration: 523ms -->
          <step title="Reloading status file with latest updates" date="2025-07-07T23:02:50.634" >
            <step title="WebHooksManager.PublishEventAsync: PostDeployment" date="2025-07-07T23:02:50.642" /><!-- duration: 128ms -->
          </step><!-- duration: 137ms -->
          <step title="Cleaning up temporary deployment - fetch deployment was successful" date="2025-07-07T23:02:50.777" /><!-- duration: 2ms -->
        </step><!-- duration: 578189ms -->
      </step><!-- duration: 579598ms -->
