<step title="Incoming Request" date="2025-07-08T00:17:31.929" instance="9dead3" url="/deploy?scmType=GitHub&amp;isAsync=true" method="POST" type="request" pid="823,1,25" Host="scholargy-dz3lcl3szkm74.scm.azurewebsites.net" User-Agent="Azure-WebSites-Controller/104.0.7.136" Authorization="Bas..." Expect="100-continue" Content-Length="85" x-ms-request-id="4eeac3ae-bdb8-4b02-b00e-a2b4315252ef" X-ARR-LOG-ID="4eeac3ae-bdb8-4b02-b00e-a2b4315252ef" CLIENT-IP="20.119.128.3:22471" X-SITE-DEPLOYMENT-ID="scholargy-dz3lcl3szkm74" WAS-DEFAULT-HOSTNAME="scholargy-dz3lcl3szkm74.scm.azurewebsites.net" X-MS-PLATFORM-INTERNAL="True" X-Forwarded-Proto="https" X-AppService-Proto="https" X-Forwarded-TlsVersion="1.3" X-WAWS-Unencoded-URL="/deploy?scmType=GitHub&amp;isAsync=true" X-Client-IP="20.119.128.3" X-Client-Port="22471" >
  <step title="Cleanup Xml Logs" date="2025-07-08T00:17:31.941" /><!-- duration: 18ms -->
  <step title="FetchHandler" date="2025-07-08T00:17:32.041" >
    <step title="Executing external process" date="2025-07-08T00:17:32.768" type="process" path="git" arguments="rev-parse --git-dir" /><!-- duration: 157ms -->
    <step title="Executing external process" date="2025-07-08T00:17:32.937" type="process" path="git" arguments="rev-parse --git-dir" /><!-- duration: 39ms -->
    <step title="Executing external process" date="2025-07-08T00:17:32.978" type="process" path="git" arguments="log -n 1 main --" /><!-- duration: 129ms -->
    <step title="Start deployment in the background" date="2025-07-08T00:17:33.120" >
      <step title="Executing external process" date="2025-07-08T00:17:33.192" type="process" path="git" arguments="rev-parse --git-dir" /><!-- duration: 31ms -->
      <step title="Executing external process" date="2025-07-08T00:17:33.235" type="process" path="git" arguments="rev-parse --git-dir" /><!-- duration: 26ms -->
      <step title="Executing external process" date="2025-07-08T00:17:33.264" type="process" path="git" arguments="log -n 1 main --" /><!-- duration: 68ms -->
      <step title="Acquiring Deployment Lock" date="2025-07-08T00:17:33.340" /><!-- duration: 2ms -->
      <step title="Acquired Deployment Lock" date="2025-07-08T00:17:33.424" /><!-- duration: 2ms -->
    </step><!-- duration: 463ms -->
  </step><!-- duration: 1547ms -->
  <step title="Outgoing response" date="2025-07-08T00:17:33.596" type="response" statusCode="202" statusText="Accepted" /><!-- duration: 3ms -->
</step><!-- duration: 1675ms -->
