<step title="BackgroundTrace" date="2025-07-27T00:08:24.820" instance="dac84c" url="/api/zipdeploy" method="POST" >
  <step title="Cleanup Xml Logs" date="2025-07-27T00:08:24.831" /><!-- duration: 37ms -->
  <step title="Creating temporary deployment - FetchDeploymentManager" date="2025-07-27T00:08:25.147" /><!-- duration: 18ms -->
  <step title="Creating temporary deployment" date="2025-07-27T00:08:25.193" /><!-- duration: 244ms -->
  <step title="Performing fetch based deployment" date="2025-07-27T00:08:25.846" >
    <step title="Cleaning up temp folders from previous zip deployments and extracting pushed zip file /tmp/zipdeploy/40429c16-90b9-4552-b74e-0cbd58405b87.zip (0.04 MB) to /tmp/zipdeploy/extracted" date="2025-07-27T00:08:27.325" >
      <step title="ChmodRecursive Process exited with total time taken in ms: 98" date="2025-07-27T00:08:27.526" /><!-- duration: 9ms -->
    </step><!-- duration: 259ms -->
    <step title="Deployment timer started" date="2025-07-27T00:08:29.669" >
      <step title="DeploymentManager.Deploy(id:d7cea93e-36db-4498-a08b-86ab7d836536)" date="2025-07-27T00:08:29.708" >
        <step title="Collecting changeset information" date="2025-07-27T00:08:29.788" /><!-- duration: 294ms -->
        <step title="Updating submodules" date="2025-07-27T00:08:30.111" /><!-- duration: 1435ms -->
        <step title="Determining deployment builder" date="2025-07-27T00:08:31.865" >
          <step title="Builder is OryxBuilder" date="2025-07-27T00:08:31.976" /><!-- duration: 9ms -->
        </step><!-- duration: 159ms -->
        <step title="PreDeployment: context.CleanOutputPath False" date="2025-07-27T00:08:32.103" >
          <step title="PreDeployment: context.OutputPath /home/site/wwwroot" date="2025-07-27T00:08:32.318" >
            <step title="Building" date="2025-07-27T00:08:32.565" >
              <step title="Executing external process" date="2025-07-27T00:08:33.036" type="process" path="bash" arguments="-c &quot;oryx build /tmp/zipdeploy/extracted -o /home/site/wwwroot --platform nodejs --platform-version 22 -p virtualenv_name= --log-file /tmp/build-debug.log  -i /tmp/8ddcca1b8e49d2e -p compress_node_modules=tar-gz | tee /tmp/oryx-build.log ; exit $PIPESTATUS &quot;" 