<step title="Incoming Request" date="2025-07-29T04:45:47.142" instance="dac84c" url="/deploy?scmType=GitHub" method="POST" type="request" pid="823,1,27" Accept="*/*" Host="scholargy-dz3lcl3szkm74.scm.azurewebsites.net" User-Agent="GitHub-Hookshot/4f8bd7a" Authorization="Bas..." Content-Type="application/x-www-form-urlencoded" Content-Length="11481" X-GitHub-Delivery="e4827ef8-6c36-11f0-9bd6-8f0a84c14ac7" X-GitHub-Event="push" X-GitHub-Hook-ID="560763252" X-GitHub-Hook-Installation-Target-ID="1027794018" X-GitHub-Hook-Installation-Target-Type="repository" X-ARR-LOG-ID="a0116c05-45dc-4954-ba09-8ddd46408659" CLIENT-IP="140.82.115.79:18638" X-SITE-DEPLOYMENT-ID="scholargy-dz3lcl3szkm74" WAS-DEFAULT-HOSTNAME="scholargy-dz3lcl3szkm74.scm.azurewebsites.net" X-Forwarded-Proto="https" X-AppService-Proto="https" X-Forwarded-TlsVersion="1.3" X-WAWS-Unencoded-URL="/deploy?scmType=GitHub" X-Client-IP="140.82.115.79" X-Client-Port="18638" >
  <step title="Cleanup Xml Logs" date="2025-07-29T04:45:47.145" >
    <step title="Cleanup Infos" date="2025-07-29T04:45:47.160" totalFiles="207" totalCleanup="47" /><!-- duration: 18ms -->
  </step><!-- duration: 35ms -->
  <step title="FetchHandler" date="2025-07-29T04:45:47.205" >
    <step title="Executing external process" date="2025-07-29T04:45:47.223" type="process" path="git" arguments="rev-parse --git-dir" /><!-- duration: 24ms -->
    <step title="Executing external process" date="2025-07-29T04:45:47.250" type="process" path="git" arguments="rev-parse --git-dir" /><!-- duration: 16ms -->
    <step title="Executing external process" date="2025-07-29T04:45:47.270" type="process" path="git" arguments="log -n 1 master --" >
      <step title="Process dump" date="2025-07-29T04:45:47.296" exitCode="128" type="processOutput" /><!-- duration: 3ms -->
    </step><!-- duration: 30ms -->
    <step title="Scm is not enabled, reject all requests." date="2025-07-29T04:45:47.309" /><!-- duration: 2ms -->
  </step><!-- duration: 109ms -->
  <step title="Outgoing response" date="2025-07-29T04:45:47.317" type="response" statusCode="403" statusText="Forbidden" /><!-- duration: 2ms -->
</step><!-- duration: 182ms -->
