<step title="Incoming Request" date="2025-07-28T14:12:55.458" instance="dac84c" url="/api/zipdeploy?isAsync=true" method="POST" type="request" pid="822,1,80" Accept="*/*" Host="scholargy-dz3lcl3szkm74.scm.azurewebsites.net" User-Agent="AZURECLI/2.75.0 (MSI)" Accept-Encoding="gzip, deflate" Authorization="Bas..." Cache-Control="no-cache" Content-Type="application/octet-stream" Cookie="ARRAffinity=dac84c57177f42a4c567faf255a280cc68a1fc8d4d0916fb89711a31e053dbff; ARRAffinitySameSite=dac84c57177f42a4c567faf255a280cc68a1fc8d4d0916fb89711a31e053dbff" Content-Length="469778" x-ms-client-request-id="ef5ae068-6bbc-11f0-9da7-c4cb76ac7ae6" x-ms-artifact-checksum="25e8fc867d6443892b94750d16362dc475812a3f862777f731da2d135ce953d4" X-ARR-LOG-ID="ef5ae068-6bbc-11f0-9da7-c4cb76ac7ae6" CLIENT-IP="71.191.130.154:59593" X-SITE-DEPLOYMENT-ID="scholargy-dz3lcl3szkm74" WAS-DEFAULT-HOSTNAME="scholargy-dz3lcl3szkm74.scm.azurewebsites.net" X-Forwarded-Proto="https" X-AppService-Proto="https" X-Forwarded-TlsVersion="1.3" X-WAWS-Unencoded-URL="/api/zipdeploy?isAsync=true" X-Client-IP="71.191.130.154" X-Client-Port="59593" >
  <step title="ZipPushDeploy" date="2025-07-28T14:12:55.753" >
    <step title="ZipDeploy. Extract zip." date="2025-07-28T14:12:55.770" /><!-- duration: 2ms -->
    <step title="None repository commit" date="2025-07-28T14:12:55.788" >
      <step title="Commit id: 48d0fbda-dc36-4f89-83c8-c3c5836b86af" date="2025-07-28T14:12:55.790" Message="N/A" AuthorName="N/A" AuthorEmail="N/A" /><!-- duration: 2ms -->
    </step><!-- duration: 6ms -->
    <step title="Starting PushDeployAsync" date="2025-07-28T14:12:55.797" /><!-- duration: 3ms -->
    <step title="Writing artifact to /tmp/zipdeploy/8dcec9a4-5166-447f-9d4a-e01f6249a059.zip" date="2025-07-28T14:12:55.882" >
      <step title="Writing multipart request body to /tmp/zipdeploy/8dcec9a4-5166-447f-9d4a-e01f6249a059.zip" date="2025-07-28T14:12:55.894" /><!-- duration: 8ms -->
    </step><!-- duration: 408ms -->
    <step title="None repository commit" date="2025-07-28T14:12:56.297" >
      <step title="Commit id: 48d0fbda-dc36-4f89-83c8-c3c5836b86af" date="2025-07-28T14:12:56.299" Message="N/A" AuthorName="N/A" AuthorEmail="N/A" /><!-- duration: 2ms -->
    </step><!-- duration: 6ms -->
    <step title="Start deployment in the background" date="2025-07-28T14:12:56.306" >
      <step title="None repository commit" date="2025-07-28T14:12:56.339" >
        <step title="Commit id: 48d0fbda-dc36-4f89-83c8-c3c5836b86af" date="2025-07-28T14:12:56.341" Message="N/A" AuthorName="N/A" AuthorEmail="N/A" /><!-- duration: 4ms -->
      </step><!-- duration: 8ms -->
      <step title="Acquiring Deployment Lock" date="2025-07-28T14:12:56.356" /><!-- duration: 2ms -->
      <step title="Acquired Deployment Lock" date="2025-07-28T14:12:56.462" /><!-- duration: 6ms -->
    </step><!-- duration: 297ms -->
  </step><!-- duration: 901ms -->
  <step title="Outgoing response" date="2025-07-28T14:12:56.684" type="response" statusCode="202" statusText="Accepted" /><!-- duration: 4ms -->
</step><!-- duration: 1231ms -->
