<step title="Incoming Request" date="2025-07-29T06:15:07.070" instance="dac84c" url="/api/deployments/latest?deployer=OneDeploy&amp;time=2025-07-29_06-14-53Z" method="GET" type="request" pid="823,1,18" Host="scholargy-dz3lcl3szkm74.scm.azurewebsites.net" User-Agent="GITHUBACTIONS_DeployWebAppToAzure_4fc5096bc1a9a7fd4986103ef1a0859a563f16147bc89b54f62179ccae5b43a0" Authorization="Bas..." Content-Type="application/json; charset=utf-8" Cookie="ARRAffinity=dac84c57177f42a4c567faf255a280cc68a1fc8d4d0916fb89711a31e053dbff;Path=/;HttpOnly;Secure;Domain=scholargy-dz3lcl3szkm74.scm.azurewebsites.net; ARRAffinitySameSite=dac84c57177f42a4c567faf255a280cc68a1fc8d4d0916fb89711a31e053dbff;Path=/;HttpOnly;SameSite=None;Secure;Domain=scholargy-dz3lcl3szkm74.scm.azurewebsites.net" Content-Length="0" X-ARR-LOG-ID="c2f951de-20ed-494f-993f-59d1e5c582bd" CLIENT-IP="68.154.116.65:38850" X-SITE-DEPLOYMENT-ID="scholargy-dz3lcl3szkm74" WAS-DEFAULT-HOSTNAME="scholargy-dz3lcl3szkm74.scm.azurewebsites.net" X-Forwarded-Proto="https" X-AppService-Proto="https" X-Forwarded-TlsVersion="1.3" X-WAWS-Unencoded-URL="/api/deployments/latest?deployer=OneDeploy&amp;time=2025-07-29_06-14-53Z" X-Client-IP="68.154.116.65" X-Client-Port="38850" >
  <step title="Cleanup Xml Logs" date="2025-07-29T06:15:07.101" >
    <step title="Cleanup Infos" date="2025-07-29T06:15:07.170" totalFiles="251" totalCleanup="91" /><!-- duration: 47ms -->
  </step><!-- duration: 176ms -->
  <step title="DeploymentService.GetResult" date="2025-07-29T06:15:07.955" >
    <step title="DeploymentService.GetLatestDeployment" date="2025-07-29T06:15:07.975" >
      <step title="DeploymentManager.GetResults" date="2025-07-29T06:15:07.993" /><!-- duration: 1080ms -->
    </step><!-- duration: 1127ms -->
  </step><!-- duration: 1157ms -->
  <step title="Outgoing response" date="2025-07-29T06:15:09.140" type="response" statusCode="202" statusText="Accepted" /><!-- duration: 11ms -->
</step><!-- duration: 2091ms -->
