<step title="Incoming Request" date="2025-07-29T07:07:03.287" instance="dac84c" url="/deploy?scmType=GitHub" method="POST" type="request" pid="823,1,19" Accept="*/*" Host="scholargy-dz3lcl3szkm74.scm.azurewebsites.net" User-Agent="GitHub-Hookshot/4f8bd7a" Authorization="Bas..." Content-Type="application/x-www-form-urlencoded" Content-Length="11423" X-GitHub-Delivery="a0763542-6c4a-11f0-8526-b5d76389596b" X-GitHub-Event="push" X-GitHub-Hook-ID="560763252" X-GitHub-Hook-Installation-Target-ID="1027794018" X-GitHub-Hook-Installation-Target-Type="repository" X-ARR-LOG-ID="893efe94-8379-42ff-a6bf-1e65ffc98bcc" CLIENT-IP="140.82.115.251:59124" X-SITE-DEPLOYMENT-ID="scholargy-dz3lcl3szkm74" WAS-DEFAULT-HOSTNAME="scholargy-dz3lcl3szkm74.scm.azurewebsites.net" X-Forwarded-Proto="https" X-AppService-Proto="https" X-Forwarded-TlsVersion="1.3" X-WAWS-Unencoded-URL="/deploy?scmType=GitHub" X-Client-IP="140.82.115.251" X-Client-Port="59124" >
  <step title="FetchHandler" date="2025-07-29T07:07:03.364" >
    <step title="Executing external process" date="2025-07-29T07:07:03.447" type="process" path="git" arguments="rev-parse --git-dir" /><!-- duration: 69ms -->
    <step title="Executing external process" date="2025-07-29T07:07:03.521" type="process" path="git" arguments="rev-parse --git-dir" /><!-- duration: 19ms -->
    <step title="Executing external process" date="2025-07-29T07:07:03.542" type="process" path="git" arguments="log -n 1 master --" >
      <step title="Process dump" date="2025-07-29T07:07:03.573" exitCode="128" type="processOutput" /><!-- duration: 2ms -->
    </step><!-- duration: 34ms -->
    <step title="Scm is not enabled, reject all requests." date="2025-07-29T07:07:03.595" /><!-- duration: 2ms -->
  </step><!-- duration: 236ms -->
  <step title="Outgoing response" date="2025-07-29T07:07:03.609" type="response" statusCode="403" statusText="Forbidden" /><!-- duration: 8ms -->
</step><!-- duration: 335ms -->
