<step title="BackgroundTrace" date="2025-07-28T14:12:56.318" instance="dac84c" url="/api/zipdeploy" method="POST" >
  <step title="Cleanup Xml Logs" date="2025-07-28T14:12:56.324" /><!-- duration: 7ms -->
  <step title="Creating temporary deployment - FetchDeploymentManager" date="2025-07-28T14:12:56.473" /><!-- duration: 3ms -->
  <step title="Creating temporary deployment" date="2025-07-28T14:12:56.490" /><!-- duration: 108ms -->
  <step title="Performing fetch based deployment" date="2025-07-28T14:12:56.737" >
    <step title="Cleaning up temp folders from previous zip deployments and extracting pushed zip file /tmp/zipdeploy/8dcec9a4-5166-447f-9d4a-e01f6249a059.zip (0.45 MB) to /tmp/zipdeploy/extracted" date="2025-07-28T14:12:57.997" >
      <step title="ChmodRecursive Process exited with total time taken in ms: 132" date="2025-07-28T14:12:58.226" /><!-- duration: 4ms -->
    </step><!-- duration: 248ms -->
    <step title="Deployment timer started" date="2025-07-28T14:13:00.298" >
      <step title="DeploymentManager.Deploy(id:48d0fbda-dc36-4f89-83c8-c3c5836b86af)" date="2025-07-28T14:13:00.308" >
        <step title="Collecting changeset information" date="2025-07-28T14:13:00.347" /><!-- duration: 120ms -->
        <step title="Updating submodules" date="2025-07-28T14:13:00.471" /><!-- duration: 1098ms -->
        <step title="Determining deployment builder" date="2025-07-28T14:13:01.834" >
          <step title="Builder is BasicBuilder" date="2025-07-28T14:13:01.872" /><!-- duration: 2ms -->
        </step><!-- duration: 57ms -->
        <step title="PreDeployment: context.CleanOutputPath False" date="2025-07-28T14:13:02.053" >
          <step title="PreDeployment: context.OutputPath /home/site/wwwroot" date="2025-07-28T14:13:02.226" >
            <step title="Building" date="2025-07-28T14:13:02.355" >
              <step title="Executing external process" date="2025-07-28T14:13:02.649" type="process" path="starter.sh" arguments="/opt/Kudu/Scripts/parallel_rsync.sh /tmp/zipdeploy/extracted /home/site/wwwroot 8 /tmp/ False True  " >
                <step title="Process dump" date="2025-07-28T14:13:08.092" exitCode="123" type="processOutput" /><!-- duration: 20ms -->
              </step><!-- duration: 5490ms -->
              <step title="Error occurred" date="2025-07-28T14:13:08.309" type="error" text="rsync: [generator] recv_generator: failed to stat &quot;/home/site/wwwroot/build\static\js\main.0a60e26b.js.LICENSE.txt&quot;: Invalid argument (22)
rsync: [generator] recv_generator: failed to stat &quot;/home/site/wwwroot/build\static\css\main.29b06251.css&quot;: Invalid argument (22)
rsync: [generator] recv_generator: failed to stat &quot;/home/site/wwwroot/build\static\css\main.29b06251.css.map&quot;: Invalid argument (22)
rsync: [generator] recv_generator: failed to stat &quot;/home/site/wwwroot/build\asset-manifest.json&quot;: Invalid argument (22)
rsync error: some files/attrs were not transferred (see previous errors) (code 23) at main.c(1338) [sender=3.2.7]
rsync: [generator] recv_generator: failed to stat &quot;/home/site/wwwroot/build\static\js\main.0a60e26b.js.map&quot;: Invalid argument (22)
rsync error: some files/attrs were not transferred (see previous errors) (code 23) at main.c(1338) [sender=3.2.7]
rsync error: some files/attrs were not transferred (see previous errors) (code 23) at main.c(1338) [sender=3.2.7]
rsync: [generator] recv_generator: failed to stat &quot;/home/site/wwwroot/build\index.html&quot;: Invalid argument (22)
rsync error: some files/attrs were not transferred (see previous errors) (code 23) at main.c(1338) [sender=3.2.7]
rsync: [generator] recv_generator: failed to stat &quot;/home/site/wwwroot/build\static\js\main.0a60e26b.js&quot;: Invalid argument (22)
rsync error: some files/attrs were not transferred (see previous errors) (code 23) at main.c(1338) [sender=3.2.7]
rsync error: some files/attrs were not transferred (see previous errors) (code 23) at main.c(1338) [sender=3.2.7]
rsync: [generator] recv_generator: failed to stat &quot;/home/site/wwwroot/build\static\css\main.29b06251.css.map&quot;: Invalid argument (22)
rsync: [generator] recv_generator: failed to stat &quot;/home/site/wwwroot/build\static\css\main.29b06251.css&quot;: Invalid argument (22)
rsync error: some files/attrs were not transferred (see previous errors) (code 23) at main.c(1338) [sender=3.2.7]
rsync: [generator] recv_generator: failed to stat &quot;/home/site/wwwroot/build\static\js\main.0a60e26b.js&quot;: Invalid argument (22)
rsync: [generator] recv_generator: failed to stat &quot;/home/site/wwwroot/build\static\js\main.0a60e26b.js.map&quot;: Invalid argument (22)
rsync: [generator] recv_generator: failed to stat &quot;/home/site/wwwroot/build\asset-manifest.json&quot;: Invalid argument (22)
rsync: [generator] recv_generator: failed to stat &quot;/home/site/wwwroot/build\static\js\main.0a60e26b.js.LICENSE.txt&quot;: Invalid argument (22)
rsync: [generator] recv_generator: failed to stat &quot;/home/site/wwwroot/build\index.html&quot;: Invalid argument (22)
rsync error: some files/attrs were not transferred (see previous errors) (code 23) at main.c(1338) [sender=3.2.7]
rsync error: some files/attrs were not transferred (see previous errors) (code 23) at main.c(1338) [sender=3.2.7]
rsync error: some files/attrs were not transferred (see previous errors) (code 23) at main.c(1338) [sender=3.2.7]
rsync error: some files/attrs were not transferred (see previous errors) (code 23) at main.c(1338) [sender=3.2.7]
rsync error: some files/attrs were not transferred (see previous errors) (code 23) at main.c(1338) [sender=3.2.7]
rsync error: some files/attrs were not transferred (see previous errors) (code 23) at main.c(1338) [sender=3.2.7]
rsync error: some files/attrs were not transferred (see previous errors) (code 23) at main.c(1338) [sender=3.2.7]
/opt/Kudu/Scripts/starter.sh /opt/Kudu/Scripts/parallel_rsync.sh /tmp/zipdeploy/extracted /home/site/wwwroot 8 /tmp/ False True  " stackTrace="   at Kudu.Core.Infrastructure.Executable.ExecuteInternal(ITracer tracer, Func`2 onWriteOutput, Func`2 onWriteError, CancellationToken token, Encoding encoding, String arguments, Object[] args) in /tmp/KuduLite/Kudu.Core/Infrastructure/Executable.cs:line 239
   at Kudu.Core.Infrastructure.Executable.ExecuteWithProgressWriter(ILogger logger, ITracer tracer, CancellationToken token, String arguments, Object[] args) in /tmp/KuduLite/Kudu.Core/Infrastructure/Executable.cs:line 118
   at Kudu.Core.Deployment.Generator.ExternalCommandBuilder.RunCommand(DeploymentContext context, String command, Boolean ignoreManifest, CancellationToken token, String message) in /tmp/KuduLite/Kudu.Core/Deployment/Generator/ExternalCommandBuilder.cs:line 122" /><!-- duration: 10ms -->
              <step title="Warning" date="2025-07-28T14:13:08.339" type="warning" text="Exception in parallel rsync: ExitCode: 123, Output: Run rsync from: /tmp/zipdeploy/extracted/ to: /home/site/wwwroot/ in 8 parallel threads
Delete options: clean=False, use manifest=True, directory to ignore=
Prev manifest = /opt/Kudu/Scripts/firstDeploymentManifest and next /home/site/deployments/48d0fbda-dc36-4f89-83c8-c3c5836b86af/manifest
Cleaning up /tmp//filelist.txt and /tmp//splits
Creating a list of all files at /tmp//filelist.txt
No directory to exclude.
Created /tmp//filelist.txt. Total number of files to be synced = 7.
Created batches from the list of files. Processing 1 files in each thread
Running rsync for filelist /tmp//splits/split.aa from /tmp/zipdeploy/extracted/ to /home/site/wwwroot/
Running rsync for filelist /tmp//splits/split.ac from /tmp/zipdeploy/extracted/ to /home/site/wwwroot/
Running rsync for filelist /tmp//splits/split.ab from /tmp/zipdeploy/extracted/ to /home/site/wwwroot/
Running rsync for filelist /tmp//splits/split.ad from /tmp/zipdeploy/extracted/ to /home/site/wwwroot/
Running rsync for filelist /tmp//splits/split.ag from /tmp/zipdeploy/extracted/ to /home/site/wwwroot/
Running rsync for filelist /tmp//splits/split.af from /tmp/zipdeploy/extracted/ to /home/site/wwwroot/
Running rsync for filelist /tmp//splits/split.ae from /tmp/zipdeploy/extracted/ to /home/site/wwwroot/

Number of files: 1 (reg: 1)
Number of created files: 0
Number of deleted files: 0
Number of regular files transferred: 0
Total file size: 1.23K bytes
Total transferred file size: 0 bytes
Literal data: 0 bytes
Matched data: 0 bytes
File list size: 0
File list generation time: 0.019 seconds
File list transfer time: 0.000 seconds
Total bytes sent: 142
Total bytes received: 12

sent 142 bytes  received 12 bytes  308.00 bytes/sec
total size is 1.23K  speedup is 7.98
Attempt 1: Rsync for filelist /tmp//splits/split.aa completed with exit code 23

Number of files: 1 (reg: 1)
Number of created files: 0
Number of deleted files: 0
Number of regular files transferred: 0
Total file size: 34.29K bytes
Total transferred file size: 0 bytes
Literal data: 0 bytes
Matched data: 0 bytes
File list size: 0
File list generation time: 0.001 seconds
File list transfer time: 0.000 seconds
Total bytes sent: 132
Total bytes received: 12

sent 132 bytes  received 12 bytes  288.00 bytes/sec
total size is 34.29K  speedup is 238.10
Attempt 1: Rsync for filelist /tmp//splits/split.af completed with exit code 23

Number of files: 1 (reg: 1)
Number of created files: 0
Number of deleted files: 0
Number of regular files transferred: 0
Total file size: 9.37K bytes
Total transferred file size: 0 bytes
Literal data: 0 bytes
Matched data: 0 bytes
File list size: 0
File list generation time: 0.098 seconds
File list transfer time: 0.000 seconds
Total bytes sent: 136
Total bytes received: 12

sent 136 bytes  received 12 bytes  296.00 bytes/sec
total size is 9.37K  speedup is 63.32
Attempt 1: Rsync for filelist /tmp//splits/split.ad completed with exit code 23

Number of files: 1 (reg: 1)
Number of created files: 0
Number of deleted files: 0
Number of regular files transferred: 0
Total file size: 369 bytes
Total transferred file size: 0 bytes
Literal data: 0 bytes
Matched data: 0 bytes
File list size: 0
File list generation time: 0.001 seconds
File list transfer time: 0.000 seconds
Total bytes sent: 123
Total bytes received: 12

sent 123 bytes  received 12 bytes  270.00 bytes/sec
total size is 369  speedup is 2.73
Attempt 1: Rsync for filelist /tmp//splits/split.ag completed with exit code 23

Number of files: 1 (reg: 1)
Number of created files: 0
Number of deleted files: 0
Number of regular files transferred: 0
Total file size: 1.22M bytes
Total transferred file size: 0 bytes
Literal data: 0 bytes
Matched data: 0 bytes
File list size: 0
File list generation time: 0.001 seconds
File list transfer time: 0.000 seconds
Total bytes sent: 134
Total bytes received: 12

sent 134 bytes  received 12 bytes  292.00 bytes/sec
total size is 1.22M  speedup is 8,385.85
Attempt 1: Rsync for filelist /tmp//splits/split.ac completed with exit code 23

Number of files: 1 (reg: 1)
Number of created files: 0
Number of deleted files: 0
Number of regular files transferred: 0
Total file size: 332.63K bytes
Total transferred file size: 0 bytes
Literal data: 0 bytes
Matched data: 0 bytes
File list size: 0
File list generation time: 0.001 seconds
File list transfer time: 0.000 seconds
Total bytes sent: 130
Total bytes received: 12

sent 130 bytes  received 12 bytes  284.00 bytes/sec
total size is 332.63K  speedup is 2,342.44
Attempt 1: Rsync for filelist /tmp//splits/split.ae completed with exit code 23

Number of files: 1 (reg: 1)
Number of created files: 0
Number of deleted files: 0
Number of regular files transferred: 0
Total file size: 561 bytes
Total transferred file size: 0 bytes
Literal data: 0 bytes
Matched data: 0 bytes
File list size: 0
File list generation time: 0.001 seconds
File list transfer time: 0.000 seconds
Total bytes sent: 114
Total bytes received: 12

sent 114 bytes  received 12 bytes  252.00 bytes/sec
total size is 561  speedup is 4.45
Attempt 1: Rsync for filelist /tmp//splits/split.ab completed with exit code 23

Number of files: 1 (reg: 1)
Number of created files: 0
Number of deleted files: 0
Number of regular files transferred: 0
Total file size: 9.37K bytes
Total transferred file size: 0 bytes
Literal data: 0 bytes
Matched data: 0 bytes
File list size: 0
File list generation time: 0.001 seconds
File list transfer time: 0.000 seconds
Total bytes sent: 136
Total bytes received: 12

sent 136 bytes  received 12 bytes  98.67 bytes/sec
total size is 9.37K  speedup is 63.32
Attempt 2: Rsync for filelist /tmp//splits/split.ad completed with exit code 23

Number of files: 1 (reg: 1)
Number of created files: 0
Number of deleted files: 0
Number of regular files transferred: 0
Total file size: 34.29K bytes
Total transferred file size: 0 bytes
Literal data: 0 bytes
Matched data: 0 bytes
File list size: 0
File list generation time: 0.001 seconds
File list transfer time: 0.000 seconds
Total bytes sent: 132
Total bytes received: 12

sent 132 bytes  received 12 bytes  96.00 bytes/sec
total size is 34.29K  speedup is 238.10

Number of files: 1 (reg: 1)
Number of created files: 0
Number of deleted files: 0
Number of regular files transferred: 0
Total file size: 369 bytes
Total transferred file size: 0 bytes
Literal data: 0 bytes
Matched data: 0 bytes
File list size: 0
File list generation time: 0.001 seconds
File list transfer time: 0.000 seconds
Total bytes sent: 123
Total bytes received: 12

sent 123 bytes  received 12 bytes  90.00 bytes/sec
total size is 369  speedup is 2.73

Number of files: 1 (reg: 1)
Number of created files: 0
Number of deleted files: 0
Number of regular files transferred: 0
Total file size: 1.22M bytes
Total transferred file size: 0 bytes
Literal data: 0 bytes
Matched data: 0 bytes
File list size: 0
File list generation time: 0.001 seconds
File list transfer time: 0.000 seconds
Total bytes sent: 134
Total bytes received: 12

sent 134 bytes  received 12 bytes  292.00 bytes/sec
total size is 1.22M  speedup is 8,385.85
Attempt 2: Rsync for filelist /tmp//splits/split.ac completed with exit code 23
Attempt 2: Rsync for filelist /tmp//splits/split.ag completed with exit code 23
Attempt 2: Rsync for filelist /tmp//splits/split.af completed with exit code 23

Number of files: 1 (reg: 1)
Number of created files: 0
Number of deleted files: 0
Number of regular files transferred: 0
Total file size: 1.23K bytes
Total transferred file size: 0 bytes
Literal data: 0 bytes
Matched data: 0 bytes
File list size: 0
File list generation time: 0.018 seconds
File list transfer time: 0.000 seconds
Total bytes sent: 142
Total bytes received: 12

sent 142 bytes  received 12 bytes  308.00 bytes/sec
total size is 1.23K  speedup is 7.98

Number of files: 1 (reg: 1)
Number of created files: 0
Number of deleted files: 0
Number of regular files transferred: 0
Total file size: 332.63K bytes
Total transferred file size: 0 bytes
Literal data: 0 bytes
Matched data: 0 bytes
File list size: 0
File list generation time: 0.001 seconds
File list transfer time: 0.000 seconds
Total bytes sent: 130
Total bytes received: 12

sent 130 bytes  received 12 bytes  284.00 bytes/sec
total size is 332.63K  speedup is 2,342.44

Number of files: 1 (reg: 1)
Number of created files: 0
Number of deleted files: 0
Number of regular files transferred: 0
Total file size: 561 bytes
Total transferred file size: 0 bytes
Literal data: 0 bytes
Matched data: 0 bytes
File list size: 0
File list generation time: 0.001 seconds
File list transfer time: 0.000 seconds
Total bytes sent: 114
Total bytes received: 12

sent 114 bytes  received 12 bytes  252.00 bytes/sec
total size is 561  speedup is 4.45
Attempt 2: Rsync for filelist /tmp//splits/split.ae completed with exit code 23
Attempt 2: Rsync for filelist /tmp//splits/split.ab completed with exit code 23
Attempt 2: Rsync for filelist /tmp//splits/split.aa completed with exit code 23
An error has occurred during web site deployment.
Rsync failed in 2 seconds, Error: rsync: [generator] recv_generator: failed to stat &quot;/home/site/wwwroot/build\static\js\main.0a60e26b.js.LICENSE.txt&quot;: Invalid argument (22)
rsync: [generator] recv_generator: failed to stat &quot;/home/site/wwwroot/build\static\css\main.29b06251.css&quot;: Invalid argument (22)
rsync: [generator] recv_generator: failed to stat &quot;/home/site/wwwroot/build\static\css\main.29b06251.css.map&quot;: Invalid argument (22)
rsync: [generator] recv_generator: failed to stat &quot;/home/site/wwwroot/build\asset-manifest.json&quot;: Invalid argument (22)
rsync error: some files/attrs were not transferred (see previous errors) (code 23) at main.c(1338) [sender=3.2.7]
rsync: [generator] recv_generator: failed to stat &quot;/home/site/wwwroot/build\static\js\main.0a60e26b.js.map&quot;: Invalid argument (22)
rsync error: some files/attrs were not transferred (see previous errors) (code 23) at main.c(1338) [sender=3.2.7]
rsync error: some files/attrs were not transferred (see previous errors) (code 23) at main.c(1338) [sender=3.2.7]
rsync: [generator] recv_generator: failed to stat &quot;/home/site/wwwroot/build\index.html&quot;: Invalid argument (22)
rsync error: some files/attrs were not transferred (see previous errors) (code 23) at main.c(1338) [sender=3.2.7]
rsync: [generator] recv_generator: failed to stat &quot;/home/site/wwwroot/build\static\js\main.0a60e26b.js&quot;: Invalid argument (22)
rsync error: some files/attrs were not transferred (see previous errors) (code 23) at main.c(1338) [sender=3.2.7]
rsync error: some files/attrs were not transferred (see previous errors) (code 23) at main.c(1338) [sender=3.2.7]
rsync: [generator] recv_generator: failed to stat &quot;/home/site/wwwroot/build\static\css\main.29b06251.css.map&quot;: Invalid argument (22)
rsync: [generator] recv_generator: failed to stat &quot;/home/site/wwwroot/build\static\css\main.29b06251.css&quot;: Invalid argument (22)
rsync error: some files/attrs were not transferred (see previous errors) (code 23) at main.c(1338) [sender=3.2.7]
rsync: [generator] recv_generator: failed to stat &quot;/home/site/wwwroot/build\static\js\main.0a60e26b.js&quot;: Invalid argument (22)
rsync: [generator] recv_generator: failed to stat &quot;/home/site/wwwroot/build\static\js\main.0a60e26b.js.map&quot;: Invalid argument (22)
rsync: [generator] recv_generator: failed to stat &quot;/home/site/wwwroot/build\asset-manifest.json&quot;: Invalid argument (22)
rsync: [generator] recv_generator: failed to stat &quot;/home/site/wwwroot/build\static\js\main.0a60e26b.js.LICENSE.txt&quot;: Invalid argument (22)
rsync: [generator] recv_generator: failed to stat &quot;/home/site/wwwroot/build\index.html&quot;: Invalid argument (22)
rsync error: some files/attrs were not transferred (see previous errors) (code 23) at main.c(1338) [sender=3.2.7]
rsync error: some files/attrs were not transferred (see previous errors) (code 23) at main.c(1338) [sender=3.2.7]
rsync error: some files/attrs were not transferred (see previous errors) (code 23) at main.c(1338) [sender=3.2.7]
rsync error: some files/attrs were not transferred (see previous errors) (code 23) at main.c(1338) [sender=3.2.7]
rsync error: some files/attrs were not transferred (see previous errors) (code 23) at main.c(1338) [sender=3.2.7]
rsync error: some files/attrs were not transferred (see previous errors) (code 23) at main.c(1338) [sender=3.2.7]
rsync error: some files/attrs were not transferred (see previous errors) (code 23) at main.c(1338) [sender=3.2.7], Kudu.Core.Infrastructure.CommandLineException: rsync: [generator] recv_generator: failed to stat &quot;/home/site/wwwroot/build\static\js\main.0a60e26b.js.LICENSE.txt&quot;: Invalid argument (22)
rsync: [generator] recv_generator: failed to stat &quot;/home/site/wwwroot/build\static\css\main.29b06251.css&quot;: Invalid argument (22)
rsync: [generator] recv_generator: failed to stat &quot;/home/site/wwwroot/build\static\css\main.29b06251.css.map&quot;: Invalid argument (22)
rsync: [generator] recv_generator: failed to stat &quot;/home/site/wwwroot/build\asset-manifest.json&quot;: Invalid argument (22)
rsync error: some files/attrs were not transferred (see previous errors) (code 23) at main.c(1338) [sender=3.2.7]
rsync: [generator] recv_generator: failed to stat &quot;/home/site/wwwroot/build\static\js\main.0a60e26b.js.map&quot;: Invalid argument (22)
rsync error: some files/attrs were not transferred (see previous errors) (code 23) at main.c(1338) [sender=3.2.7]
rsync error: some files/attrs were not transferred (see previous errors) (code 23) at main.c(1338) [sender=3.2.7]
rsync: [generator] recv_generator: failed to stat &quot;/home/site/wwwroot/build\index.html&quot;: Invalid argument (22)
rsync error: some files/attrs were not transferred (see previous errors) (code 23) at main.c(1338) [sender=3.2.7]
rsync: [generator] recv_generator: failed to stat &quot;/home/site/wwwroot/build\static\js\main.0a60e26b.js&quot;: Invalid argument (22)
rsync error: some files/attrs were not transferred (see previous errors) (code 23) at main.c(1338) [sender=3.2.7]
rsync error: some files/attrs were not transferred (see previous errors) (code 23) at main.c(1338) [sender=3.2.7]
rsync: [generator] recv_generator: failed to stat &quot;/home/site/wwwroot/build\static\css\main.29b06251.css.map&quot;: Invalid argument (22)
rsync: [generator] recv_generator: failed to stat &quot;/home/site/wwwroot/build\static\css\main.29b06251.css&quot;: Invalid argument (22)
rsync error: some files/attrs were not transferred (see previous errors) (code 23) at main.c(1338) [sender=3.2.7]
rsync: [generator] recv_generator: failed to stat &quot;/home/site/wwwroot/build\static\js\main.0a60e26b.js&quot;: Invalid argument (22)
rsync: [generator] recv_generator: failed to stat &quot;/home/site/wwwroot/build\static\js\main.0a60e26b.js.map&quot;: Invalid argument (22)
rsync: [generator] recv_generator: failed to stat &quot;/home/site/wwwroot/build\asset-manifest.json&quot;: Invalid argument (22)
rsync: [generator] recv_generator: failed to stat &quot;/home/site/wwwroot/build\static\js\main.0a60e26b.js.LICENSE.txt&quot;: Invalid argument (22)
rsync: [generator] recv_generator: failed to stat &quot;/home/site/wwwroot/build\index.html&quot;: Invalid argument (22)
rsync error: some files/attrs were not transferred (see previous errors) (code 23) at main.c(1338) [sender=3.2.7]
rsync error: some files/attrs were not transferred (see previous errors) (code 23) at main.c(1338) [sender=3.2.7]
rsync error: some files/attrs were not transferred (see previous errors) (code 23) at main.c(1338) [sender=3.2.7]
rsync error: some files/attrs were not transferred (see previous errors) (code 23) at main.c(1338) [sender=3.2.7]
rsync error: some files/attrs were not transferred (see previous errors) (code 23) at main.c(1338) [sender=3.2.7]
rsync error: some files/attrs were not transferred (see previous errors) (code 23) at main.c(1338) [sender=3.2.7]
rsync error: some files/attrs were not transferred (see previous errors) (code 23) at main.c(1338) [sender=3.2.7]
/opt/Kudu/Scripts/starter.sh /opt/Kudu/Scripts/parallel_rsync.sh /tmp/zipdeploy/extracted /home/site/wwwroot 8 /tmp/ False True  
   at Kudu.Core.Infrastructure.Executable.ExecuteInternal(ITracer tracer, Func`2 onWriteOutput, Func`2 onWriteError, CancellationToken token, Encoding encoding, String arguments, Object[] args) in /tmp/KuduLite/Kudu.Core/Infrastructure/Executable.cs:line 239
   at Kudu.Core.Infrastructure.Executable.ExecuteWithProgressWriter(ILogger logger, ITracer tracer, CancellationToken token, String arguments, Object[] args) in /tmp/KuduLite/Kudu.Core/Infrastructure/Executable.cs:line 118
   at Kudu.Core.Deployment.Generator.ExternalCommandBuilder.RunCommand(DeploymentContext context, String command, Boolean ignoreManifest, CancellationToken token, String message) in /tmp/KuduLite/Kudu.Core/Deployment/Generator/ExternalCommandBuilder.cs:line 122
   at Kudu.Core.Deployment.Generator.GeneratorSiteBuilder.Build(DeploymentContext context, CancellationToken token) in /tmp/KuduLite/Kudu.Core/Deployment/Generator/GeneratorSiteBuilder.cs:line 70" /><!-- duration: 3ms -->
              <step title="Generating deployment script" date="2025-07-28T14:13:08.348" >
                <step title="Executing external process" date="2025-07-28T14:13:08.407" type="process" path="starter.sh" arguments="&quot;/opt/Kudu/node_modules/.bin/kuduscript&quot; -y --no-dot-deployment -r &quot;/tmp/zipdeploy/extracted&quot; -o &quot;/home/site/deployments/tools&quot; --basic --sitePath &quot;/tmp/zipdeploy/extracted&quot;" /><!-- duration: 925ms -->
                <step title="Saved cached version of the deployment script for command -y --no-dot-deployment -r &quot;/tmp/zipdeploy/extracted&quot; -o &quot;/home/site/deployments/tools&quot; --basic --sitePath &quot;/tmp/zipdeploy/extracted&quot;" date="2025-07-28T14:13:09.383" /><!-- duration: 2ms -->
              </step><!-- duration: 1042ms -->
              <step title="Executing external process" date="2025-07-28T14:13:09.647" type="process" path="starter.sh" arguments="&quot;/home/site/deployments/tools/deploy.sh&quot;" >
                <step title="Process dump" date="2025-07-28T14:13:10.291" exitCode="1" type="processOutput" /><!-- duration: 6ms -->
              </step><!-- duration: 652ms -->
              <step title="Error occurred" date="2025-07-28T14:13:10.316" type="error" text="
/opt/Kudu/Scripts/starter.sh &quot;/home/site/deployments/tools/deploy.sh&quot;" stackTrace="   at Kudu.Core.Infrastructure.Executable.ExecuteInternal(ITracer tracer, Func`2 onWriteOutput, Func`2 onWriteError, CancellationToken token, Encoding encoding, String arguments, Object[] args) in /tmp/KuduLite/Kudu.Core/Infrastructure/Executable.cs:line 239
   at Kudu.Core.Infrastructure.Executable.ExecuteWithProgressWriter(ILogger logger, ITracer tracer, CancellationToken token, String arguments, Object[] args) in /tmp/KuduLite/Kudu.Core/Infrastructure/Executable.cs:line 118
   at Kudu.Core.Deployment.Generator.ExternalCommandBuilder.RunCommand(DeploymentContext context, String command, Boolean ignoreManifest, CancellationToken token, String message) in /tmp/KuduLite/Kudu.Core/Deployment/Generator/ExternalCommandBuilder.cs:line 122" /><!-- duration: 2ms -->
              <step title="Error occurred" date="2025-07-28T14:13:10.335" type="error" text="
/opt/Kudu/Scripts/starter.sh &quot;/home/site/deployments/tools/deploy.sh&quot;" stackTrace="   at Kudu.Core.Infrastructure.Executable.ExecuteInternal(ITracer tracer, Func`2 onWriteOutput, Func`2 onWriteError, CancellationToken token, Encoding encoding, String arguments, Object[] args) in /tmp/KuduLite/Kudu.Core/Infrastructure/Executable.cs:line 239
   at Kudu.Core.Infrastructure.Executable.ExecuteWithProgressWriter(ILogger logger, ITracer tracer, CancellationToken token, String arguments, Object[] args) in /tmp/KuduLite/Kudu.Core/Infrastructure/Executable.cs:line 118
   at Kudu.Core.Deployment.Generator.ExternalCommandBuilder.RunCommand(DeploymentContext context, String command, Boolean ignoreManifest, CancellationToken token, String message) in /tmp/KuduLite/Kudu.Core/Deployment/Generator/ExternalCommandBuilder.cs:line 122
   at Kudu.Core.Deployment.Generator.GeneratorSiteBuilder.Build(DeploymentContext context, CancellationToken token) in /tmp/KuduLite/Kudu.Core/Deployment/Generator/GeneratorSiteBuilder.cs:line 84
--- End of stack trace from previous location ---
   at Kudu.Core.Deployment.DeploymentManager.Build(ChangeSet changeSet, ITracer tracer, IDisposable deployStep, IRepository repository, DeploymentInfoBase deploymentInfo, DeploymentAnalytics deploymentAnalytics, Boolean fullBuildByDefault, CancellationToken cancellationToken) in /tmp/KuduLite/Kudu.Core/Deployment/DeploymentManager.cs:line 771" /><!-- duration: 9ms -->
              <step title="Purge deployment items" date="2025-07-28T14:13:10.624" >
                <step title="Remove 65154e0e-, Failed, received at 07/27/2025 00:26:07" date="2025-07-28T14:13:10.665" /><!-- duration: 2ms -->
              </step><!-- duration: 45ms -->
            </step><!-- duration: 8322ms -->
          </step><!-- duration: 8459ms -->
          <step title="Error occurred" date="2025-07-28T14:13:10.688" type="error" text="
/opt/Kudu/Scripts/starter.sh &quot;/home/site/deployments/tools/deploy.sh&quot;" stackTrace="   at Kudu.Core.Infrastructure.Executable.ExecuteInternal(ITracer tracer, Func`2 onWriteOutput, Func`2 onWriteError, CancellationToken token, Encoding encoding, String arguments, Object[] args) in /tmp/KuduLite/Kudu.Core/Infrastructure/Executable.cs:line 239
   at Kudu.Core.Infrastructure.Executable.ExecuteWithProgressWriter(ILogger logger, ITracer tracer, CancellationToken token, String arguments, Object[] args) in /tmp/KuduLite/Kudu.Core/Infrastructure/Executable.cs:line 118
   at Kudu.Core.Deployment.Generator.ExternalCommandBuilder.RunCommand(DeploymentContext context, String command, Boolean ignoreManifest, CancellationToken token, String message) in /tmp/KuduLite/Kudu.Core/Deployment/Generator/ExternalCommandBuilder.cs:line 122
   at Kudu.Core.Deployment.Generator.GeneratorSiteBuilder.Build(DeploymentContext context, CancellationToken token) in /tmp/KuduLite/Kudu.Core/Deployment/Generator/GeneratorSiteBuilder.cs:line 84
--- End of stack trace from previous location ---
   at Kudu.Core.Deployment.DeploymentManager.Build(ChangeSet changeSet, ITracer tracer, IDisposable deployStep, IRepository repository, DeploymentInfoBase deploymentInfo, DeploymentAnalytics deploymentAnalytics, Boolean fullBuildByDefault, CancellationToken cancellationToken) in /tmp/KuduLite/Kudu.Core/Deployment/DeploymentManager.cs:line 771
   at Kudu.Core.Deployment.DeploymentManager.Build(ChangeSet changeSet, ITracer tracer, IDisposable deployStep, IRepository repository, DeploymentInfoBase deploymentInfo, DeploymentAnalytics deploymentAnalytics, Boolean fullBuildByDefault, CancellationToken cancellationToken) in /tmp/KuduLite/Kudu.Core/Deployment/DeploymentManager.cs:line 840" /><!-- duration: 3ms -->
          <step title="Cleaning up temp files" date="2025-07-28T14:13:10.733" /><!-- duration: 6ms -->
          <step title="Cleaning up temp files" date="2025-07-28T14:13:10.747" /><!-- duration: 512ms -->
          <step title="Error occurred" date="2025-07-28T14:13:11.300" type="error" text="
/opt/Kudu/Scripts/starter.sh &quot;/home/site/deployments/tools/deploy.sh&quot;" stackTrace="   at Kudu.Core.Infrastructure.Executable.ExecuteInternal(ITracer tracer, Func`2 onWriteOutput, Func`2 onWriteError, CancellationToken token, Encoding encoding, String arguments, Object[] args) in /tmp/KuduLite/Kudu.Core/Infrastructure/Executable.cs:line 239
   at Kudu.Core.Infrastructure.Executable.ExecuteWithProgressWriter(ILogger logger, ITracer tracer, CancellationToken token, String arguments, Object[] args) in /tmp/KuduLite/Kudu.Core/Infrastructure/Executable.cs:line 118
   at Kudu.Core.Deployment.Generator.ExternalCommandBuilder.RunCommand(DeploymentContext context, String command, Boolean ignoreManifest, CancellationToken token, String message) in /tmp/KuduLite/Kudu.Core/Deployment/Generator/ExternalCommandBuilder.cs:line 122
   at Kudu.Core.Deployment.Generator.GeneratorSiteBuilder.Build(DeploymentContext context, CancellationToken token) in /tmp/KuduLite/Kudu.Core/Deployment/Generator/GeneratorSiteBuilder.cs:line 84
--- End of stack trace from previous location ---
   at Kudu.Core.Deployment.DeploymentManager.Build(ChangeSet changeSet, ITracer tracer, IDisposable deployStep, IRepository repository, DeploymentInfoBase deploymentInfo, DeploymentAnalytics deploymentAnalytics, Boolean fullBuildByDefault, CancellationToken cancellationToken) in /tmp/KuduLite/Kudu.Core/Deployment/DeploymentManager.cs:line 771
   at Kudu.Core.Deployment.DeploymentManager.Build(ChangeSet changeSet, ITracer tracer, IDisposable deployStep, IRepository repository, DeploymentInfoBase deploymentInfo, DeploymentAnalytics deploymentAnalytics, Boolean fullBuildByDefault, CancellationToken cancellationToken) in /tmp/KuduLite/Kudu.Core/Deployment/DeploymentManager.cs:line 840
   at Kudu.Core.Deployment.DeploymentManager.DeployAsync(IRepository repository, ChangeSet changeSet, String deployer, Boolean clean, DeploymentInfoBase deploymentInfo, Boolean needFileUpdate, Boolean fullBuildByDefault) in /tmp/KuduLite/Kudu.Core/Deployment/DeploymentManager.cs:line 266" /><!-- duration: 7ms -->
        </step><!-- duration: 9264ms -->
        <step title="Reloading status file with latest updates" date="2025-07-28T14:13:11.367" >
          <step title="WebHooksManager.PublishEventAsync: PostDeployment" date="2025-07-28T14:13:11.380" /><!-- duration: 114ms -->
        </step><!-- duration: 130ms -->
        <step title="Error occurred" date="2025-07-28T14:13:11.500" type="error" text="
/opt/Kudu/Scripts/starter.sh &quot;/home/site/deployments/tools/deploy.sh&quot;" stackTrace="   at Kudu.Core.Infrastructure.Executable.ExecuteInternal(ITracer tracer, Func`2 onWriteOutput, Func`2 onWriteError, CancellationToken token, Encoding encoding, String arguments, Object[] args) in /tmp/KuduLite/Kudu.Core/Infrastructure/Executable.cs:line 239
   at Kudu.Core.Infrastructure.Executable.ExecuteWithProgressWriter(ILogger logger, ITracer tracer, CancellationToken token, String arguments, Object[] args) in /tmp/KuduLite/Kudu.Core/Infrastructure/Executable.cs:line 118
   at Kudu.Core.Deployment.Generator.ExternalCommandBuilder.RunCommand(DeploymentContext context, String command, Boolean ignoreManifest, CancellationToken token, String message) in /tmp/KuduLite/Kudu.Core/Deployment/Generator/ExternalCommandBuilder.cs:line 122
   at Kudu.Core.Deployment.Generator.GeneratorSiteBuilder.Build(DeploymentContext context, CancellationToken token) in /tmp/KuduLite/Kudu.Core/Deployment/Generator/GeneratorSiteBuilder.cs:line 84
--- End of stack trace from previous location ---
   at Kudu.Core.Deployment.DeploymentManager.Build(ChangeSet changeSet, ITracer tracer, IDisposable deployStep, IRepository repository, DeploymentInfoBase deploymentInfo, DeploymentAnalytics deploymentAnalytics, Boolean fullBuildByDefault, CancellationToken cancellationToken) in /tmp/KuduLite/Kudu.Core/Deployment/DeploymentManager.cs:line 771
   at Kudu.Core.Deployment.DeploymentManager.Build(ChangeSet changeSet, ITracer tracer, IDisposable deployStep, IRepository repository, DeploymentInfoBase deploymentInfo, DeploymentAnalytics deploymentAnalytics, Boolean fullBuildByDefault, CancellationToken cancellationToken) in /tmp/KuduLite/Kudu.Core/Deployment/DeploymentManager.cs:line 840
   at Kudu.Core.Deployment.DeploymentManager.DeployAsync(IRepository repository, ChangeSet changeSet, String deployer, Boolean clean, DeploymentInfoBase deploymentInfo, Boolean needFileUpdate, Boolean fullBuildByDefault) in /tmp/KuduLite/Kudu.Core/Deployment/DeploymentManager.cs:line 266" /><!-- duration: 4ms -->
        <step title="Marking deployment as failed and cleaning up the temp deployment" date="2025-07-28T14:13:11.560" /><!-- duration: 2ms -->
      </step><!-- duration: 11360ms -->
      <step title="Error occurred" date="2025-07-28T14:13:11.677" type="error" text="One or more errors occurred. (Deployment failed)" stackTrace="   at System.Threading.Tasks.Task.ThrowIfExceptional(Boolean includeTaskCanceledExceptions)
   at System.Threading.Tasks.Task.Wait(Int32 millisecondsTimeout, CancellationToken cancellationToken)
   at System.Threading.Tasks.Task.Wait()
   at Kudu.Core.Deployment.FetchDeploymentManager.&lt;&gt;c__DisplayClass22_1.&lt;PerformBackgroundDeployment&gt;b__3() in /tmp/KuduLite/Kudu.Core/Deployment/FetchDeploymentManager.cs:line 414
   at Kudu.Contracts.Infrastructure.LockExtensions.TryLockOperation(IOperationLock lockObj, Action operation, String operationName, TimeSpan timeout) in /tmp/KuduLite/Kudu.Contracts/Infrastructure/LockExtensions.cs:line 34
   at Kudu.Contracts.Infrastructure.LockExtensions.LockOperation(IOperationLock lockObj, Action operation, String operationName, TimeSpan timeout) in /tmp/KuduLite/Kudu.Contracts/Infrastructure/LockExtensions.cs:line 46
   at Kudu.Core.Deployment.FetchDeploymentManager.&lt;&gt;c__DisplayClass22_0.&lt;PerformBackgroundDeployment&gt;b__1() in /tmp/KuduLite/Kudu.Core/Deployment/FetchDeploymentManager.cs:line 393" innerText="Deployment failed" innerStackTrace="   at Kudu.Core.Deployment.DeploymentManager.DeployAsync(IRepository repository, ChangeSet changeSet, String deployer, Boolean clean, DeploymentInfoBase deploymentInfo, Boolean needFileUpdate, Boolean fullBuildByDefault) in /tmp/KuduLite/Kudu.Core/Deployment/DeploymentManager.cs:line 307
   at Kudu.Core.Deployment.FetchDeploymentManager.PerformDeployment(DeploymentInfoBase deploymentInfo, IDisposable tempDeployment, ChangeSet tempChangeSet, DeployStatusApiResult updateStatusObj) in /tmp/KuduLite/Kudu.Core/Deployment/FetchDeploymentManager.cs:line 230" /><!-- duration: 3ms -->
    </step><!-- duration: 11396ms -->
