<step title="Incoming Request" date="2025-07-29T07:08:22.012" instance="dac84c" url="/api/deployments/latest?deployer=GITHUB_ZIP_DEPLOY&amp;time=2025-07-29_07-08-09Z" method="GET" type="request" pid="823,1,21" Host="scholargy-dz3lcl3szkm74.scm.azurewebsites.net" User-Agent="GITHUBACTIONS_DeployWebAppToAzure_4fc5096bc1a9a7fd4986103ef1a0859a563f16147bc89b54f62179ccae5b43a0" Authorization="Bas..." Content-Type="application/json; charset=utf-8" Cookie="ARRAffinity=dac84c57177f42a4c567faf255a280cc68a1fc8d4d0916fb89711a31e053dbff;Path=/;HttpOnly;Secure;Domain=scholargy-dz3lcl3szkm74.scm.azurewebsites.net; ARRAffinitySameSite=dac84c57177f42a4c567faf255a280cc68a1fc8d4d0916fb89711a31e053dbff;Path=/;HttpOnly;SameSite=None;Secure;Domain=scholargy-dz3lcl3szkm74.scm.azurewebsites.net" Content-Length="0" X-ARR-LOG-ID="9007133c-fa21-43f4-aa25-e2b65ae841e3" CLIENT-IP="172.212.164.20:46113" X-SITE-DEPLOYMENT-ID="scholargy-dz3lcl3szkm74" WAS-DEFAULT-HOSTNAME="scholargy-dz3lcl3szkm74.scm.azurewebsites.net" X-Forwarded-Proto="https" X-AppService-Proto="https" X-Forwarded-TlsVersion="1.3" X-WAWS-Unencoded-URL="/api/deployments/latest?deployer=GITHUB_ZIP_DEPLOY&amp;time=2025-07-29_07-08-09Z" X-Client-IP="172.212.164.20" X-Client-Port="46113" >
  <step title="Cleanup Xml Logs" date="2025-07-29T07:08:22.014" >
    <step title="Cleanup Infos" date="2025-07-29T07:08:22.071" totalFiles="296" totalCleanup="136" /><!-- duration: 7ms -->
  </step><!-- duration: 66ms -->
  <step title="DeploymentService.GetResult" date="2025-07-29T07:08:22.206" >
    <step title="DeploymentService.GetLatestDeployment" date="2025-07-29T07:08:22.214" >
      <step title="DeploymentManager.GetResults" date="2025-07-29T07:08:22.216" /><!-- duration: 433ms -->
    </step><!-- duration: 443ms -->
  </step><!-- duration: 460ms -->
  <step title="Outgoing response" date="2025-07-29T07:08:22.677" type="response" statusCode="202" statusText="Accepted" /><!-- duration: 19ms -->
</step><!-- duration: 687ms -->
