<step title="Incoming Request" date="2025-07-29T07:08:08.560" instance="dac84c" url="/api/zipdeploy?isAsync=true&amp;deployer=GITHUB_ZIP_DEPLOY&amp;message=%7B%22type%22%3A%22deployment%22%2C%22sha%22%3A%228d28c15f81035584319e09554a25ae0bc94cf2c6%22%2C%22repoName%22%3A%22marlondridley%2FscholargyMVPAzure%22%2C%22actor%22%3A%22marlondridley%22%2C%22slotName%22%3A%22production%22%2C%22commitMessage%22%3A%22add%20GHActions%20workflow%20for%20Azure%20Deployment%22%7D" method="POST" type="request" pid="823,1,18" Host="scholargy-dz3lcl3szkm74.scm.azurewebsites.net" User-Agent="GITHUBACTIONS_DeployWebAppToAzure_4fc5096bc1a9a7fd4986103ef1a0859a563f16147bc89b54f62179ccae5b43a0" Authorization="Bas..." Content-Type="application/octet-stream" Cookie="ARRAffinity=dac84c57177f42a4c567faf255a280cc68a1fc8d4d0916fb89711a31e053dbff;Path=/;HttpOnly;Secure;Domain=scholargy-dz3lcl3szkm74.scm.azurewebsites.net; ARRAffinitySameSite=dac84c57177f42a4c567faf255a280cc68a1fc8d4d0916fb89711a31e053dbff;Path=/;HttpOnly;SameSite=None;Secure;Domain=scholargy-dz3lcl3szkm74.scm.azurewebsites.net" Transfer-Encoding="chunked" X-ARR-LOG-ID="90f822d7-9b25-4d06-915b-0b68cd00ba58" CLIENT-IP="172.212.164.20:46113" X-SITE-DEPLOYMENT-ID="scholargy-dz3lcl3szkm74" WAS-DEFAULT-HOSTNAME="scholargy-dz3lcl3szkm74.scm.azurewebsites.net" X-Forwarded-Proto="https" X-AppService-Proto="https" X-Forwarded-TlsVersion="1.3" X-WAWS-Unencoded-URL="/api/zipdeploy?isAsync=true&amp;deployer=GITHUB_ZIP_DEPLOY&amp;message=%7B%22type%22%3A%22deployment%22%2C%22sha%22%3A%228d28c15f81035584319e09554a25ae0bc94cf2c6%22%2C%22repoName%22%3A%22marlondridley%2FscholargyMVPAzure%22%2C%22actor%22%3A%22marlondridley%22%2C%22slotName%22%3A%22production%22%2C%22commitMessage%22%3A%22add%20GHActions%20workflow%20for%20Azure%20Deployment%22%7D" X-Client-IP="172.212.164.20" X-Client-Port="46113" >
  <step title="Cleanup Xml Logs" date="2025-07-29T07:08:08.562" >
    <step title="Cleanup Infos" date="2025-07-29T07:08:08.584" totalFiles="292" totalCleanup="132" /><!-- duration: 2ms -->
  </step><!-- duration: 25ms -->
  <step title="ZipPushDeploy" date="2025-07-29T07:08:08.847" >
    <step title="ZipDeploy. Extract zip." date="2025-07-29T07:08:08.858" /><!-- duration: 7ms -->
    <step title="None repository commit" date="2025-07-29T07:08:08.903" >
      <step title="Commit id: 164edf9a-a1e2-4f4b-830b-53f69d9d0172" date="2025-07-29T07:08:08.906" Message="N/A" AuthorName="N/A" AuthorEmail="N/A" /><!-- duration: 2ms -->
    </step><!-- duration: 8ms -->
    <step title="Starting PushDeployAsync" date="2025-07-29T07:08:08.914" /><!-- duration: 2ms -->
    <step title="Writing artifact to /tmp/zipdeploy/da2907b0-cc45-4ad9-a653-78e0ae2c4e12.zip" date="2025-07-29T07:08:08.981" >
      <step title="Writing multipart request body to /tmp/zipdeploy/da2907b0-cc45-4ad9-a653-78e0ae2c4e12.zip" date="2025-07-29T07:08:09.010" /><!-- duration: 2ms -->
    </step><!-- duration: 831ms -->
    <step title="Start deployment in the background" date="2025-07-29T07:08:09.823" >
      <step title="Acquiring Deployment Lock" date="2025-07-29T07:08:09.858" /><!-- duration: 2ms -->
      <step title="Acquired Deployment Lock" date="2025-07-29T07:08:09.883" /><!-- duration: 2ms -->
    </step><!-- duration: 134ms -->
  </step><!-- duration: 1115ms -->
  <step title="Outgoing response" date="2025-07-29T07:08:09.977" type="response" statusCode="202" statusText="Accepted" /><!-- duration: 3ms -->
</step><!-- duration: 1423ms -->
