<step title="Incoming Request" date="2025-07-29T06:14:46.952" instance="dac84c" url="/deploy?scmType=GitHub" method="POST" type="request" pid="823,1,23" Accept="*/*" Host="scholargy-dz3lcl3szkm74.scm.azurewebsites.net" User-Agent="GitHub-Hookshot/4f8bd7a" Authorization="Bas..." Content-Type="application/x-www-form-urlencoded" Content-Length="11333" X-GitHub-Delivery="533008e6-6c43-11f0-993c-d220e5fc864c" X-GitHub-Event="push" X-GitHub-Hook-ID="560763252" X-GitHub-Hook-Installation-Target-ID="1027794018" X-GitHub-Hook-Installation-Target-Type="repository" X-ARR-LOG-ID="87264921-7f78-415b-86b7-346532e0478c" CLIENT-IP="140.82.115.119:38834" X-SITE-DEPLOYMENT-ID="scholargy-dz3lcl3szkm74" WAS-DEFAULT-HOSTNAME="scholargy-dz3lcl3szkm74.scm.azurewebsites.net" X-Forwarded-Proto="https" X-AppService-Proto="https" X-Forwarded-TlsVersion="1.3" X-WAWS-Unencoded-URL="/deploy?scmType=GitHub" X-Client-IP="140.82.115.119" X-Client-Port="38834" >
  <step title="FetchHandler" date="2025-07-29T06:14:47.390" >
    <step title="Executing external process" date="2025-07-29T06:14:47.458" type="process" path="git" arguments="rev-parse --git-dir" /><!-- duration: 129ms -->
    <step title="Executing external process" date="2025-07-29T06:14:47.627" type="process" path="git" arguments="rev-parse --git-dir" /><!-- duration: 120ms -->
    <step title="Executing external process" date="2025-07-29T06:14:47.766" type="process" path="git" arguments="log -n 1 master --" >
      <step title="Process dump" date="2025-07-29T06:14:47.890" exitCode="128" type="processOutput" /><!-- duration: 19ms -->
    </step><!-- duration: 147ms -->
    <step title="Start deployment in the background" date="2025-07-29T06:14:47.979" /><!-- duration: 60ms -->
>
    <step title="Executing external process" date="2025-07-29T06:14:48.041" type="process" path="git" arguments="rev-parse --git-dir"   </step><!-- duration: 667ms -->
    <step title="Outgoing response" date="2025-07-29T06:14:48.077" type="response" statusCode="202" statusText="Accepted" /><!-- duration: 10ms -->
  </step><!-- duration: 55ms -->
</step><!-- duration: 1240ms -->
