<step title="BackgroundTrace" date="2025-07-29T04:46:11.026" instance="dac84c" url="/api/publish" method="POST" >
  <step title="Creating temporary deployment - FetchDeploymentManager" date="2025-07-29T04:46:11.485" /><!-- duration: 9ms -->
  <step title="Creating temporary deployment" date="2025-07-29T04:46:11.513" /><!-- duration: 149ms -->
  <step title="Performing fetch based deployment" date="2025-07-29T04:46:11.733" >
    <step title="Cleaning up temp folders from previous zip deployments and extracting pushed zip file /tmp/zipdeploy/cc737f27-4a34-451a-84de-99e56ee093ae.zip (0.62 MB) to /tmp/zipdeploy/extracted" date="2025-07-29T04:46:13.121" >
      <step title="ChmodRecursive Process exited with total time taken in ms: 87" date="2025-07-29T04:46:13.503" /><!-- duration: 26ms -->
    </step><!-- duration: 425ms -->
    <step title="Deployment timer started" date="2025-07-29T04:46:15.578" >
      <step title="DeploymentManager.Deploy(id:fd79a428-fb71-42f9-9c2d-2c2c330110ce)" date="2025-07-29T04:46:15.604" >
        <step title="Collecting changeset information" date="2025-07-29T04:46:15.654" /><!-- duration: 155ms -->
        <step title="Updating submodules" date="2025-07-29T04:46:15.823" /><!-- duration: 1135ms -->
        <step title="Determining deployment builder" date="2025-07-29T04:46:17.340" >
          <step title="Builder is OneDeployBuilder" date="2025-07-29T04:46:17.356" /><!-- duration: 9ms -->
        </step><!-- duration: 37ms -->
        <step title="PreDeployment: context.CleanOutputPath False" date="2025-07-29T04:46:17.441" >
          <step title="PreDeployment: context.OutputPath /home/site/wwwroot" date="2025-07-29T04:46:17.641" >
            <step title="Building" date="2025-07-29T04:46:18.004" >
              <step title="Executing external process" date="2025-07-29T04:46:18.724" type="process" path="starter.sh" arguments="/opt/Kudu/Scripts/parallel_rsync.sh /tmp/zipdeploy/extracted /home/site/wwwroot 8 /tmp/ False False  " /><!-- duration: 10431ms -->
              <step title="Modified file to trigger a restart of the app container." date="2025-07-29T04:46:29.952" /><!-- duration: 2ms -->
              <step title="Skip function trigger and logicapp sync because function is not enabled." date="2025-07-29T04:46:30.458" /><!-- duration: 21ms -->
              <step title="Purge deployment items" date="2025-07-29T04:46:31.454" >
                <step title="Remove 48d0fbda-, Failed, received at 07/28/2025 14:13:00" date="2025-07-29T04:46:31.549" /><!-- duration: 17ms -->
              </step><!-- duration: 125ms -->
            </step><!-- duration: 13721ms -->
          </step><!-- duration: 14111ms -->
          <step title="Cleaning up temp files" date="2025-07-29T04:46:31.762" /><!-- duration: 39ms -->
          <step title="Cleaning up temp files" date="2025-07-29T04:46:31.821" /><!-- duration: 522ms -->
          <step title="Reloading status file with latest updates" date="2025-07-29T04:46:32.406" >
            <step title="WebHooksManager.PublishEventAsync: PostDeployment" date="2025-07-29T04:46:32.424" /><!-- duration: 309ms -->
          </step><!-- duration: 357ms -->
          <step title="Cleaning up temporary deployment - fetch deployment was successful" date="2025-07-29T04:46:32.783" /><!-- duration: 8ms -->
        </step><!-- duration: 15520ms -->
      </step><!-- duration: 17404ms -->
