<step title="Incoming Request" date="2025-07-29T04:46:09.856" instance="dac84c" url="/api/publish?async=true&amp;deployer=GITHUB_ONE_DEPLOY&amp;type=zip&amp;message=%7B%22type%22%3A%22deployment%22%2C%22sha%22%3A%22b9cb3d9bd0d15ba8d8757d1d8f2275ff518ac993%22%2C%22repoName%22%3A%22marlondridley%2FscholargyMVPAzure%22%2C%22actor%22%3A%22marlondridley%22%2C%22slotName%22%3A%22Production%22%2C%22commitMessage%22%3A%22Add%20or%20update%20the%20Azure%20App%20Service%20build%20and%20deployment%20workflow%20config%22%7D" method="POST" type="request" pid="823,1,27" Host="scholargy-dz3lcl3szkm74.scm.azurewebsites.net" User-Agent="GITHUBACTIONS_DeployWebAppToAzure_4fc5096bc1a9a7fd4986103ef1a0859a563f16147bc89b54f62179ccae5b43a0" Authorization="Bas..." Content-Type="application/octet-stream" Cookie="ARRAffinity=dac84c57177f42a4c567faf255a280cc68a1fc8d4d0916fb89711a31e053dbff;Path=/;HttpOnly;Secure;Domain=scholargy-dz3lcl3szkm74.scm.azurewebsites.net; ARRAffinitySameSite=dac84c57177f42a4c567faf255a280cc68a1fc8d4d0916fb89711a31e053dbff;Path=/;HttpOnly;SameSite=None;Secure;Domain=scholargy-dz3lcl3szkm74.scm.azurewebsites.net" Transfer-Encoding="chunked" X-ARR-LOG-ID="1a1a1ef5-23d4-4fa2-a3d1-bfd62ab1b327" CLIENT-IP="4.246.135.33:2072" X-SITE-DEPLOYMENT-ID="scholargy-dz3lcl3szkm74" WAS-DEFAULT-HOSTNAME="scholargy-dz3lcl3szkm74.scm.azurewebsites.net" X-Forwarded-Proto="https" X-AppService-Proto="https" X-Forwarded-TlsVersion="1.3" X-WAWS-Unencoded-URL="/api/publish?async=true&amp;deployer=GITHUB_ONE_DEPLOY&amp;type=zip&amp;message=%7B%22type%22%3A%22deployment%22%2C%22sha%22%3A%22b9cb3d9bd0d15ba8d8757d1d8f2275ff518ac993%22%2C%22repoName%22%3A%22marlondridley%2FscholargyMVPAzure%22%2C%22actor%22%3A%22marlondridley%22%2C%22slotName%22%3A%22Production%22%2C%22commitMessage%22%3A%22Add%20or%20update%20the%20Azure%20App%20Service%20build%20and%20deployment%20workflow%20config%22%7D" X-Client-IP="4.246.135.33" X-Client-Port="2072" >
  <step title="OneDeploy" date="2025-07-29T04:46:09.983" >
    <step title="None repository commit" date="2025-07-29T04:46:10.041" >
      <step title="Commit id: fd79a428-fb71-42f9-9c2d-2c2c330110ce" date="2025-07-29T04:46:10.050" Message="N/A" AuthorName="N/A" AuthorEmail="N/A" /><!-- duration: 3ms -->
    </step><!-- duration: 28ms -->
    <step title="Starting PushDeployAsync" date="2025-07-29T04:46:10.079" /><!-- duration: 3ms -->
    <step title="Writing artifact to /tmp/zipdeploy/cc737f27-4a34-451a-84de-99e56ee093ae.zip" date="2025-07-29T04:46:10.199" >
      <step title="Writing multipart request body to /tmp/zipdeploy/cc737f27-4a34-451a-84de-99e56ee093ae.zip" date="2025-07-29T04:46:10.226" /><!-- duration: 2ms -->
    </step><!-- duration: 446ms -->
    <step title="Start deployment in the background" date="2025-07-29T04:46:10.918" >
      <step title="Acquiring Deployment Lock" date="2025-07-29T04:46:11.131" /><!-- duration: 19ms -->
      <step title="Acquired Deployment Lock" date="2025-07-29T04:46:11.456" /><!-- duration: 26ms -->
    </step><!-- duration: 749ms -->
  </step><!-- duration: 1701ms -->
  <step title="Outgoing response" date="2025-07-29T04:46:11.703" type="response" statusCode="202" statusText="Accepted" /><!-- duration: 8ms -->
</step><!-- duration: 1858ms -->
