<step title="Incoming Request" date="2025-07-29T04:39:28.677" instance="dac84c" url="/deploy?scmType=GitHub" method="POST" type="request" pid="823,1,20" Accept="*/*" Host="scholargy-dz3lcl3szkm74.scm.azurewebsites.net" User-Agent="GitHub-Hookshot/4f8bd7a" Authorization="Bas..." Content-Type="application/x-www-form-urlencoded" Content-Length="11285" X-GitHub-Delivery="02e7fce8-6c36-11f0-9466-b40c3ad904ce" X-GitHub-Event="push" X-GitHub-Hook-ID="560763252" X-GitHub-Hook-Installation-Target-ID="1027794018" X-GitHub-Hook-Installation-Target-Type="repository" X-ARR-LOG-ID="d40cd2e2-e053-40c0-aee2-acae564699f4" CLIENT-IP="140.82.115.250:27602" X-SITE-DEPLOYMENT-ID="scholargy-dz3lcl3szkm74" WAS-DEFAULT-HOSTNAME="scholargy-dz3lcl3szkm74.scm.azurewebsites.net" X-Forwarded-Proto="https" X-AppService-Proto="https" X-Forwarded-TlsVersion="1.3" X-WAWS-Unencoded-URL="/deploy?scmType=GitHub" X-Client-IP="140.82.115.250" X-Client-Port="27602" >
  <step title="Cleanup Xml Logs" date="2025-07-29T04:39:28.681" >
    <step title="Cleanup Infos" date="2025-07-29T04:39:28.690" totalFiles="206" totalCleanup="46" /><!-- duration: 6ms -->
  </step><!-- duration: 18ms -->
  <step title="FetchHandler" date="2025-07-29T04:39:28.708" >
    <step title="Executing external process" date="2025-07-29T04:39:28.784" type="process" path="git" arguments="rev-parse --git-dir" /><!-- duration: 83ms -->
    <step title="Executing external process" date="2025-07-29T04:39:28.884" type="process" path="git" arguments="rev-parse --git-dir" /><!-- duration: 30ms -->
    <step title="Executing external process" date="2025-07-29T04:39:28.923" type="process" path="git" arguments="log -n 1 master --" >
      <step title="Process dump" date="2025-07-29T04:39:29.004" exitCode="128" type="processOutput" /><!-- duration: 2ms -->
    </step><!-- duration: 85ms -->
    <step title="Scm is not enabled, reject all requests." date="2025-07-29T04:39:29.016" /><!-- duration: 2ms -->
  </step><!-- duration: 312ms -->
  <step title="Outgoing response" date="2025-07-29T04:39:29.022" type="response" statusCode="403" statusText="Forbidden" /><!-- duration: 2ms -->
</step><!-- duration: 350ms -->
