<step title="Incoming Request" date="2025-07-29T06:05:01.504" instance="dac84c" url="/api/publish?async=true&amp;deployer=GITHUB_ONE_DEPLOY&amp;type=zip&amp;message=%7B%22type%22%3A%22deployment%22%2C%22sha%22%3A%22f8fd25e06159338a18b02be6e50c20881391b8dc%22%2C%22repoName%22%3A%22marlondridley%2FscholargyMVPAzure%22%2C%22actor%22%3A%22marlondridley%22%2C%22slotName%22%3A%22Production%22%2C%22commitMessage%22%3A%22update%20project%20config%20and%20add%20source%20code%22%7D" method="POST" type="request" pid="823,1,65" Host="scholargy-dz3lcl3szkm74.scm.azurewebsites.net" User-Agent="GITHUBACTIONS_DeployWebAppToAzure_4fc5096bc1a9a7fd4986103ef1a0859a563f16147bc89b54f62179ccae5b43a0" Authorization="Bas..." Content-Type="application/octet-stream" Cookie="ARRAffinity=dac84c57177f42a4c567faf255a280cc68a1fc8d4d0916fb89711a31e053dbff;Path=/;HttpOnly;Secure;Domain=scholargy-dz3lcl3szkm74.scm.azurewebsites.net; ARRAffinitySameSite=dac84c57177f42a4c567faf255a280cc68a1fc8d4d0916fb89711a31e053dbff;Path=/;HttpOnly;SameSite=None;Secure;Domain=scholargy-dz3lcl3szkm74.scm.azurewebsites.net" Transfer-Encoding="chunked" X-ARR-LOG-ID="c27d008a-ae32-4cbf-868d-e78dfba637f2" CLIENT-IP="13.83.166.227:54288" X-SITE-DEPLOYMENT-ID="scholargy-dz3lcl3szkm74" WAS-DEFAULT-HOSTNAME="scholargy-dz3lcl3szkm74.scm.azurewebsites.net" X-Forwarded-Proto="https" X-AppService-Proto="https" X-Forwarded-TlsVersion="1.3" X-WAWS-Unencoded-URL="/api/publish?async=true&amp;deployer=GITHUB_ONE_DEPLOY&amp;type=zip&amp;message=%7B%22type%22%3A%22deployment%22%2C%22sha%22%3A%22f8fd25e06159338a18b02be6e50c20881391b8dc%22%2C%22repoName%22%3A%22marlondridley%2FscholargyMVPAzure%22%2C%22actor%22%3A%22marlondridley%22%2C%22slotName%22%3A%22Production%22%2C%22commitMessage%22%3A%22update%20project%20config%20and%20add%20source%20code%22%7D" X-Client-IP="13.83.166.227" X-Client-Port="54288" >
  <step title="OneDeploy" date="2025-07-29T06:05:01.592" >
    <step title="None repository commit" date="2025-07-29T06:05:01.722" >
      <step title="Commit id: 1f506ecd-4234-4049-92d5-06842016a7e3" date="2025-07-29T06:05:01.759" Message="N/A" AuthorName="N/A" AuthorEmail="N/A" /><!-- duration: 12ms -->
    </step><!-- duration: 77ms -->
    <step title="Starting PushDeployAsync" date="2025-07-29T06:05:01.815" /><!-- duration: 3ms -->
    <step title="Writing artifact to /tmp/zipdeploy/0ad30f2a-786d-4be2-8643-1044b1efd58d.zip" date="2025-07-29T06:05:01.885" >
      <step title="Writing multipart request body to /tmp/zipdeploy/0ad30f2a-786d-4be2-8643-1044b1efd58d.zip" date="2025-07-29T06:05:01.913" /><!-- duration: 18ms -->
    </step><!-- duration: 892ms -->
    <step title="Start deployment in the background" date="2025-07-29T06:05:02.798" >
      <step title="Acquiring Deployment Lock" date="2025-07-29T06:05:02.855" /><!-- duration: 8ms -->
      <step title="Acquired Deployment Lock" date="2025-07-29T06:05:02.904" /><!-- duration: 7ms -->
    </step><!-- duration: 241ms -->
  </step><!-- duration: 1503ms -->
  <step title="Outgoing response" date="2025-07-29T06:05:03.114" type="response" statusCode="202" statusText="Accepted" /><!-- duration: 8ms -->
</step><!-- duration: 1620ms -->
