<step title="Incoming Request" date="2025-07-29T04:30:23.783" instance="dac84c" url="/api/sshkey?ensurePublicKey=True" method="GET" type="request" pid="822,1,80" Host="scholargy-dz3lcl3szkm74.scm.azurewebsites.net" User-Agent="Azure-WebSites-Controller/104.0.7.211" Authorization="Bas..." x-ms-request-id="d297096d-fbb8-4a88-a0b7-dba15eb0a536" X-ARR-LOG-ID="d297096d-fbb8-4a88-a0b7-dba15eb0a536" CLIENT-IP="20.119.128.3:5057" X-SITE-DEPLOYMENT-ID="scholargy-dz3lcl3szkm74" WAS-DEFAULT-HOSTNAME="scholargy-dz3lcl3szkm74.scm.azurewebsites.net" X-MS-PLATFORM-INTERNAL="True" X-Forwarded-Proto="https" X-AppService-Proto="https" X-Forwarded-TlsVersion="1.3" X-WAWS-Unencoded-URL="/api/sshkey?ensurePublicKey=True" X-Client-IP="20.119.128.3" X-Client-Port="5057" >
  <step title="Cleanup Xml Logs" date="2025-07-29T04:30:23.787" >
    <step title="Cleanup Infos" date="2025-07-29T04:30:23.803" totalFiles="201" totalCleanup="41" /><!-- duration: 4ms -->
  </step><!-- duration: 23ms -->
  <step title="SSHKeyController.GetPublicKey" date="2025-07-29T04:30:23.890" >
    <step title="SSHKeyManager.GetKey" date="2025-07-29T04:30:23.956" >
      <step title="Public key exists." date="2025-07-29T04:30:23.961" /><!-- duration: 2ms -->
    </step><!-- duration: 12ms -->
  </step><!-- duration: 83ms -->
  <step title="Outgoing response" date="2025-07-29T04:30:24.010" type="response" statusCode="200" statusText="OK" /><!-- duration: 7ms -->
</step><!-- duration: 236ms -->
