<step title="Incoming Request" date="2025-07-29T06:15:00.535" instance="dac84c" url="/api/deployments/latest?deployer=OneDeploy&amp;time=2025-07-29_06-14-53Z" method="GET" type="request" pid="823,1,19" Host="scholargy-dz3lcl3szkm74.scm.azurewebsites.net" User-Agent="GITHUBACTIONS_DeployWebAppToAzure_4fc5096bc1a9a7fd4986103ef1a0859a563f16147bc89b54f62179ccae5b43a0" Authorization="Bas..." Content-Type="application/json; charset=utf-8" Cookie="ARRAffinity=dac84c57177f42a4c567faf255a280cc68a1fc8d4d0916fb89711a31e053dbff;Path=/;HttpOnly;Secure;Domain=scholargy-dz3lcl3szkm74.scm.azurewebsites.net; ARRAffinitySameSite=dac84c57177f42a4c567faf255a280cc68a1fc8d4d0916fb89711a31e053dbff;Path=/;HttpOnly;SameSite=None;Secure;Domain=scholargy-dz3lcl3szkm74.scm.azurewebsites.net" Content-Length="0" X-ARR-LOG-ID="c087f39f-41dc-4f0f-a503-c0ae0ee6fe69" CLIENT-IP="68.154.116.65:38849" X-SITE-DEPLOYMENT-ID="scholargy-dz3lcl3szkm74" WAS-DEFAULT-HOSTNAME="scholargy-dz3lcl3szkm74.scm.azurewebsites.net" X-Forwarded-Proto="https" X-AppService-Proto="https" X-Forwarded-TlsVersion="1.3" X-WAWS-Unencoded-URL="/api/deployments/latest?deployer=OneDeploy&amp;time=2025-07-29_06-14-53Z" X-Client-IP="68.154.116.65" X-Client-Port="38849" >
  <step title="Cleanup Xml Logs" date="2025-07-29T06:15:00.546" >
    <step title="Cleanup Infos" date="2025-07-29T06:15:00.553" totalFiles="250" totalCleanup="90" /><!-- duration: 2ms -->
  </step><!-- duration: 11ms -->
  <step title="DeploymentService.GetResult" date="2025-07-29T06:15:00.563" >
    <step title="DeploymentService.GetLatestDeployment" date="2025-07-29T06:15:00.565" >
      <step title="DeploymentManager.GetResults" date="2025-07-29T06:15:00.567" /><!-- duration: 334ms -->
    </step><!-- duration: 339ms -->
  </step><!-- duration: 343ms -->
  <step title="Outgoing response" date="2025-07-29T06:15:01.156" type="response" statusCode="202" statusText="Accepted" /><!-- duration: 32ms -->
</step><!-- duration: 662ms -->
