<step title="Incoming Request" date="2025-07-29T06:14:49.290" instance="dac84c" url="/api/publish?async=true&amp;deployer=GITHUB_ONE_DEPLOY&amp;type=zip&amp;message=%7B%22type%22%3A%22deployment%22%2C%22sha%22%3A%229e940443146543127b8ff793e09b1dea55b4c5c0%22%2C%22repoName%22%3A%22marlondridley%2FscholargyMVPAzure%22%2C%22actor%22%3A%22marlondridley%22%2C%22slotName%22%3A%22Production%22%2C%22commitMessage%22%3A%22Delete%20.github%2Fworkflows%2Fazure-static-web-apps-salmon-river-0063e580f.yml%22%7D" method="POST" type="request" pid="823,1,19" Host="scholargy-dz3lcl3szkm74.scm.azurewebsites.net" User-Agent="GITHUBACTIONS_DeployWebAppToAzure_4fc5096bc1a9a7fd4986103ef1a0859a563f16147bc89b54f62179ccae5b43a0" Authorization="Bas..." Content-Type="application/octet-stream" Cookie="ARRAffinity=dac84c57177f42a4c567faf255a280cc68a1fc8d4d0916fb89711a31e053dbff;Path=/;HttpOnly;Secure;Domain=scholargy-dz3lcl3szkm74.scm.azurewebsites.net; ARRAffinitySameSite=dac84c57177f42a4c567faf255a280cc68a1fc8d4d0916fb89711a31e053dbff;Path=/;HttpOnly;SameSite=None;Secure;Domain=scholargy-dz3lcl3szkm74.scm.azurewebsites.net" Transfer-Encoding="chunked" X-ARR-LOG-ID="7eb4354a-3019-4237-8902-63943b7e79f6" CLIENT-IP="68.154.116.65:38848" X-SITE-DEPLOYMENT-ID="scholargy-dz3lcl3szkm74" WAS-DEFAULT-HOSTNAME="scholargy-dz3lcl3szkm74.scm.azurewebsites.net" X-Forwarded-Proto="https" X-AppService-Proto="https" X-Forwarded-TlsVersion="1.3" X-WAWS-Unencoded-URL="/api/publish?async=true&amp;deployer=GITHUB_ONE_DEPLOY&amp;type=zip&amp;message=%7B%22type%22%3A%22deployment%22%2C%22sha%22%3A%229e940443146543127b8ff793e09b1dea55b4c5c0%22%2C%22repoName%22%3A%22marlondridley%2FscholargyMVPAzure%22%2C%22actor%22%3A%22marlondridley%22%2C%22slotName%22%3A%22Production%22%2C%22commitMessage%22%3A%22Delete%20.github%2Fworkflows%2Fazure-static-web-apps-salmon-river-0063e580f.yml%22%7D" X-Client-IP="68.154.116.65" X-Client-Port="38848" >
  <step title="OneDeploy" date="2025-07-29T06:14:49.432" >
    <step title="None repository commit" date="2025-07-29T06:14:49.560" >
      <step title="Commit id: 59b1d239-7103-43ca-aa4a-90fe43e6e1f5" date="2025-07-29T06:14:49.608" Message="N/A" AuthorName="N/A" AuthorEmail="N/A" /><!-- duration: 2ms -->
    </step><!-- duration: 61ms -->
    <step title="Starting PushDeployAsync" date="2025-07-29T06:14:49.631" /><!-- duration: 6ms -->
    <step title="Writing artifact to /tmp/zipdeploy/d78b0652-cfa2-4378-a743-7eb00a7179fb.zip" date="2025-07-29T06:14:49.674" >
      <step title="Writing multipart request body to /tmp/zipdeploy/d78b0652-cfa2-4378-a743-7eb00a7179fb.zip" date="2025-07-29T06:14:49.696" /><!-- duration: 18ms -->
    </step><!-- duration: 229ms -->
    <step title="Start deployment in the background" date="2025-07-29T06:14:49.941" >
      <step title="Acquiring Deployment Lock" date="2025-07-29T06:14:49.972" /><!-- duration: 50ms -->
      <step title="Cannot Acquire Deployment Lock already held" date="2025-07-29T06:14:50.054" /><!-- duration: 8ms -->
    </step><!-- duration: 201ms -->
    <step title="There is a deployment currently in progress. Please try again when it completes." date="2025-07-29T06:14:50.198" /><!-- duration: 18ms -->
  </step><!-- duration: 824ms -->
  <step title="Outgoing response" date="2025-07-29T06:14:50.325" type="response" statusCode="409" statusText="Conflict" /><!-- duration: 17ms -->
</step><!-- duration: 1063ms -->
