<step title="Incoming Request" date="2025-07-29T04:46:11.849" instance="dac84c" url="/api/deployments/latest?deployer=OneDeploy&amp;time=2025-07-29_04-46-11Z" method="GET" type="request" pid="823,1,30" Host="scholargy-dz3lcl3szkm74.scm.azurewebsites.net" User-Agent="GITHUBACTIONS_DeployWebAppToAzure_4fc5096bc1a9a7fd4986103ef1a0859a563f16147bc89b54f62179ccae5b43a0" Authorization="Bas..." Content-Type="application/json; charset=utf-8" Cookie="ARRAffinity=dac84c57177f42a4c567faf255a280cc68a1fc8d4d0916fb89711a31e053dbff;Path=/;HttpOnly;Secure;Domain=scholargy-dz3lcl3szkm74.scm.azurewebsites.net; ARRAffinitySameSite=dac84c57177f42a4c567faf255a280cc68a1fc8d4d0916fb89711a31e053dbff;Path=/;HttpOnly;SameSite=None;Secure;Domain=scholargy-dz3lcl3szkm74.scm.azurewebsites.net" Content-Length="0" X-ARR-LOG-ID="fb848c45-6940-4fd8-b3f7-ac5b3ce1521f" CLIENT-IP="4.246.135.33:2072" X-SITE-DEPLOYMENT-ID="scholargy-dz3lcl3szkm74" WAS-DEFAULT-HOSTNAME="scholargy-dz3lcl3szkm74.scm.azurewebsites.net" X-Forwarded-Proto="https" X-AppService-Proto="https" X-Forwarded-TlsVersion="1.3" X-WAWS-Unencoded-URL="/api/deployments/latest?deployer=OneDeploy&amp;time=2025-07-29_04-46-11Z" X-Client-IP="4.246.135.33" X-Client-Port="2072" >
  <step title="Cleanup Xml Logs" date="2025-07-29T04:46:11.861" >
    <step title="Cleanup Infos" date="2025-07-29T04:46:11.891" totalFiles="212" totalCleanup="52" /><!-- duration: 2ms -->
  </step><!-- duration: 40ms -->
  <step title="DeploymentService.GetResult" date="2025-07-29T04:46:11.955" >
    <step title="DeploymentService.GetLatestDeployment" date="2025-07-29T04:46:11.958" >
      <step title="DeploymentManager.GetResults" date="2025-07-29T04:46:11.961" /><!-- duration: 354ms -->
    </step><!-- duration: 405ms -->
  </step><!-- duration: 418ms -->
  <step title="Outgoing response" date="2025-07-29T04:46:12.401" type="response" statusCode="202" statusText="Accepted" /><!-- duration: 2ms -->
</step><!-- duration: 563ms -->
