<step title="Incoming Request" date="2025-07-29T07:08:53.206" instance="dac84c" url="/api/deployments/latest?deployer=GITHUB_ZIP_DEPLOY&amp;time=2025-07-29_07-08-09Z" method="GET" type="request" pid="823,1,7" Host="scholargy-dz3lcl3szkm74.scm.azurewebsites.net" User-Agent="GITHUBACTIONS_DeployWebAppToAzure_4fc5096bc1a9a7fd4986103ef1a0859a563f16147bc89b54f62179ccae5b43a0" Authorization="Bas..." Content-Type="application/json; charset=utf-8" Cookie="ARRAffinity=dac84c57177f42a4c567faf255a280cc68a1fc8d4d0916fb89711a31e053dbff;Path=/;HttpOnly;Secure;Domain=scholargy-dz3lcl3szkm74.scm.azurewebsites.net; ARRAffinitySameSite=dac84c57177f42a4c567faf255a280cc68a1fc8d4d0916fb89711a31e053dbff;Path=/;HttpOnly;SameSite=None;Secure;Domain=scholargy-dz3lcl3szkm74.scm.azurewebsites.net" Content-Length="0" X-ARR-LOG-ID="7fa06639-cab8-4cd1-8ea8-b213d377dfab" CLIENT-IP="172.212.164.20:46114" X-SITE-DEPLOYMENT-ID="scholargy-dz3lcl3szkm74" WAS-DEFAULT-HOSTNAME="scholargy-dz3lcl3szkm74.scm.azurewebsites.net" X-Forwarded-Proto="https" X-AppService-Proto="https" X-Forwarded-TlsVersion="1.3" X-WAWS-Unencoded-URL="/api/deployments/latest?deployer=GITHUB_ZIP_DEPLOY&amp;time=2025-07-29_07-08-09Z" X-Client-IP="172.212.164.20" X-Client-Port="46114" >
  <step title="Cleanup Xml Logs" date="2025-07-29T07:08:53.209" >
    <step title="Cleanup Infos" date="2025-07-29T07:08:53.286" totalFiles="301" totalCleanup="141" /><!-- duration: 13ms -->
  </step><!-- duration: 94ms -->
  <step title="DeploymentService.GetResult" date="2025-07-29T07:08:53.320" >
    <step title="DeploymentService.GetLatestDeployment" date="2025-07-29T07:08:53.334" >
      <step title="DeploymentManager.GetResults" date="2025-07-29T07:08:53.353" /><!-- duration: 757ms -->
    </step><!-- duration: 795ms -->
  </step><!-- duration: 819ms -->
  <step title="Outgoing response" date="2025-07-29T07:08:54.193" type="response" statusCode="202" statusText="Accepted" /><!-- duration: 12ms -->
</step><!-- duration: 1007ms -->
