<step title="BackgroundTrace" date="2025-07-29T06:14:52.907" instance="dac84c" url="/api/publish" method="POST" >
  <step title="Creating temporary deployment - FetchDeploymentManager" date="2025-07-29T06:14:53.036" /><!-- duration: 10ms -->
  <step title="Creating temporary deployment" date="2025-07-29T06:14:53.061" /><!-- duration: 76ms -->
  <step title="Performing fetch based deployment" date="2025-07-29T06:14:53.203" >
    <step title="Cleaning up temp folders from previous zip deployments and extracting pushed zip file /tmp/zipdeploy/b436ada7-645e-45cc-a7e3-134b160695d2.zip (0.62 MB) to /tmp/zipdeploy/extracted" date="2025-07-29T06:14:54.749" >
      <step title="ChmodRecursive Process exited with total time taken in ms: 196" date="2025-07-29T06:14:55.888" /><!-- duration: 9ms -->
    </step><!-- duration: 1160ms -->
    <step title="Deployment timer started" date="2025-07-29T06:14:57.933" >
      <step title="DeploymentManager.Deploy(id:942c50f2-af2e-4726-92e4-4eab5cf3cb3f)" date="2025-07-29T06:14:57.937" >
        <step title="Collecting changeset information" date="2025-07-29T06:14:57.957" /><!-- duration: 184ms -->
        <step title="Updating submodules" date="2025-07-29T06:14:58.161" /><!-- duration: 1216ms -->
        <step title="Determining deployment builder" date="2025-07-29T06:14:59.644" >
          <step title="Builder is OneDeployBuilder" date="2025-07-29T06:14:59.648" /><!-- duration: 2ms -->
        </step><!-- duration: 12ms -->
        <step title="PreDeployment: context.CleanOutputPath False" date="2025-07-29T06:14:59.698" >
          <step title="PreDeployment: context.OutputPath /home/site/wwwroot" date="2025-07-29T06:14:59.858" >
            <step title="Building" date="2025-07-29T06:15:00.059" >
              <step title="Executing external process" date="2025-07-29T06:15:00.493" type="process" path="starter.sh" arguments="/opt/Kudu/Scripts/parallel_rsync.sh /tmp/zipdeploy/extracted /home/site/wwwroot 8 /tmp/ False False  " /><!-- duration: 10134ms -->
              <step title="Modified file to trigger a restart of the app container." date="2025-07-29T06:15:12.089" /><!-- duration: 36ms -->
              <step title="Skip function trigger and logicapp sync because function is not enabled." date="2025-07-29T06:15:13.144" /><!-- duration: 18ms -->
              <step title="Purge deployment items" date="2025-07-29T06:15:13.904" >
                <step title="Remove temp-cf81, Pending, received at 07/29/2025 06:14:53" date="2025-07-29T06:15:13.944" /><!-- duration: 3ms -->
                <step title="Remove temp-da54, Pending, received at 07/29/2025 06:14:48" date="2025-07-29T06:15:13.993" /><!-- duration: 2ms -->
              </step><!-- duration: 94ms -->
            </step><!-- duration: 14013ms -->
          </step><!-- duration: 14219ms -->
          <step title="Cleaning up temp files" date="2025-07-29T06:15:14.079" /><!-- duration: 6ms -->
          <step title="Cleaning up temp files" date="2025-07-29T06:15:14.089" /><!-- duration: 623ms -->
          <step title="Reloading status file with latest updates" date="2025-07-29T06:15:15.001" >
            <step title="WebHooksManager.PublishEventAsync: PostDeployment" date="2025-07-29T06:15:15.332" /><!-- duration: 249ms -->
          </step><!-- duration: 598ms -->
          <step title="Cleaning up temporary deployment - fetch deployment was successful" date="2025-07-29T06:15:15.621" /><!-- duration: 9ms -->
        </step><!-- duration: 15985ms -->
      </step><!-- duration: 17840ms -->
