<step title="Incoming Request" date="2025-07-29T06:05:09.114" instance="dac84c" url="/api/deployments/latest?deployer=OneDeploy&amp;time=2025-07-29_06-05-03Z" method="GET" type="request" pid="823,1,57" Host="scholargy-dz3lcl3szkm74.scm.azurewebsites.net" User-Agent="GITHUBACTIONS_DeployWebAppToAzure_4fc5096bc1a9a7fd4986103ef1a0859a563f16147bc89b54f62179ccae5b43a0" Authorization="Bas..." Content-Type="application/json; charset=utf-8" Cookie="ARRAffinity=dac84c57177f42a4c567faf255a280cc68a1fc8d4d0916fb89711a31e053dbff;Path=/;HttpOnly;Secure;Domain=scholargy-dz3lcl3szkm74.scm.azurewebsites.net; ARRAffinitySameSite=dac84c57177f42a4c567faf255a280cc68a1fc8d4d0916fb89711a31e053dbff;Path=/;HttpOnly;SameSite=None;Secure;Domain=scholargy-dz3lcl3szkm74.scm.azurewebsites.net" Content-Length="0" X-ARR-LOG-ID="582fc7b4-bd4e-4079-8477-c5b04f516a50" CLIENT-IP="13.83.166.227:54289" X-SITE-DEPLOYMENT-ID="scholargy-dz3lcl3szkm74" WAS-DEFAULT-HOSTNAME="scholargy-dz3lcl3szkm74.scm.azurewebsites.net" X-Forwarded-Proto="https" X-AppService-Proto="https" X-Forwarded-TlsVersion="1.3" X-WAWS-Unencoded-URL="/api/deployments/latest?deployer=OneDeploy&amp;time=2025-07-29_06-05-03Z" X-Client-IP="13.83.166.227" X-Client-Port="54289" >
  <step title="Cleanup Xml Logs" date="2025-07-29T06:05:09.128" >
    <step title="Cleanup Infos" date="2025-07-29T06:05:09.145" totalFiles="235" totalCleanup="75" /><!-- duration: 7ms -->
  </step><!-- duration: 26ms -->
  <step title="DeploymentService.GetResult" date="2025-07-29T06:05:09.158" >
    <step title="DeploymentService.GetLatestDeployment" date="2025-07-29T06:05:09.159" >
      <step title="DeploymentManager.GetResults" date="2025-07-29T06:05:09.183" /><!-- duration: 965ms -->
    </step><!-- duration: 1105ms -->
  </step><!-- duration: 1125ms -->
  <step title="Outgoing response" date="2025-07-29T06:05:10.301" type="response" statusCode="202" statusText="Accepted" /><!-- duration: 19ms -->
</step><!-- duration: 1214ms -->
