<step title="Incoming Request" date="2025-07-27T00:08:23.031" instance="dac84c" url="/api/zipdeploy?isAsync=true" method="POST" type="request" pid="820,1,19" Accept="*/*" Host="scholargy-dz3lcl3szkm74.scm.azurewebsites.net" User-Agent="AZURECLI/2.75.0 (MSI)" Accept-Encoding="gzip, deflate" Authorization="Bas..." Cache-Control="no-cache" Content-Type="application/octet-stream" Cookie="ARRAffinity=dac84c57177f42a4c567faf255a280cc68a1fc8d4d0916fb89711a31e053dbff; ARRAffinitySameSite=dac84c57177f42a4c567faf255a280cc68a1fc8d4d0916fb89711a31e053dbff" Content-Length="41719" x-ms-client-request-id="b03f4ee9-6a7d-11f0-8845-c4cb76ac7ae6" x-ms-artifact-checksum="93a54fb6b273f5bef83aa03bacb40b9aed2b32113e3bcf90be21b78277700331" X-ARR-LOG-ID="b03f4ee9-6a7d-11f0-8845-c4cb76ac7ae6" CLIENT-IP="71.191.130.154:58248" X-SITE-DEPLOYMENT-ID="scholargy-dz3lcl3szkm74" WAS-DEFAULT-HOSTNAME="scholargy-dz3lcl3szkm74.scm.azurewebsites.net" X-Forwarded-Proto="https" X-AppService-Proto="https" X-Forwarded-TlsVersion="1.3" X-WAWS-Unencoded-URL="/api/zipdeploy?isAsync=true" X-Client-IP="71.191.130.154" X-Client-Port="58248" >
  <step title="ZipPushDeploy" date="2025-07-27T00:08:23.403" >
    <step title="ZipDeploy. Extract zip. Remote build." date="2025-07-27T00:08:23.471" /><!-- duration: 17ms -->
    <step title="None repository commit" date="2025-07-27T00:08:23.556" >
      <step title="Commit id: d7cea93e-36db-4498-a08b-86ab7d836536" date="2025-07-27T00:08:23.566" Message="N/A" AuthorName="N/A" AuthorEmail="N/A" /><!-- duration: 20ms -->
    </step><!-- duration: 39ms -->
    <step title="Starting PushDeployAsync" date="2025-07-27T00:08:23.605" /><!-- duration: 8ms -->
    <step title="Removing node_modules symlink" date="2025-07-27T00:08:23.801" >
      <step title="Removing _del_node_modules symlink" date="2025-07-27T00:08:24.094" >
        <step title="Writing artifact to /tmp/zipdeploy/40429c16-90b9-4552-b74e-0cbd58405b87.zip" date="2025-07-27T00:08:24.197" >
          <step title="Writing multipart request body to /tmp/zipdeploy/40429c16-90b9-4552-b74e-0cbd58405b87.zip" date="2025-07-27T00:08:24.216" /><!-- duration: 20ms -->
        </step><!-- duration: 497ms -->
        <step title="Removing previous build artifact&apos;s manifest file" date="2025-07-27T00:08:24.731" >
          <step title="None repository commit" date="2025-07-27T00:08:24.761" >
            <step title="Commit id: d7cea93e-36db-4498-a08b-86ab7d836536" date="2025-07-27T00:08:24.771" Message="N/A" AuthorName="N/A" AuthorEmail="N/A" /><!-- duration: 9ms -->
          </step><!-- duration: 29ms -->
          <step title="Start deployment in the background" date="2025-07-27T00:08:24.802" >
            <step title="None repository commit" date="2025-07-27T00:08:24.888" >
              <step title="Commit id: d7cea93e-36db-4498-a08b-86ab7d836536" date="2025-07-27T00:08:24.905" Message="N/A" AuthorName="N/A" AuthorEmail="N/A" /><!-- duration: 4ms -->
            </step><!-- duration: 28ms -->
            <step title="Acquiring Deployment Lock" date="2025-07-27T00:08:24.925" /><!-- duration: 2ms -->
            <step title="Acquired Deployment Lock" date="2025-07-27T00:08:25.083" /><!-- duration: 54ms -->
          </step><!-- duration: 656ms -->
        </step><!-- duration: 834ms -->
        <step title="Outgoing response" date="2025-07-27T00:08:25.624" type="response" statusCode="202" statusText="Accepted" /><!-- duration: 48ms -->
      </step><!-- duration: 1601ms -->
