<step title="BackgroundTrace" date="2025-07-29T06:05:02.809" instance="dac84c" url="/api/publish" method="POST" >
  <step title="Creating temporary deployment - FetchDeploymentManager" date="2025-07-29T06:05:02.913" /><!-- duration: 18ms -->
  <step title="Creating temporary deployment" date="2025-07-29T06:05:02.939" /><!-- duration: 90ms -->
  <step title="Performing fetch based deployment" date="2025-07-29T06:05:03.172" >
    <step title="Cleaning up temp folders from previous zip deployments and extracting pushed zip file /tmp/zipdeploy/0ad30f2a-786d-4be2-8643-1044b1efd58d.zip (0.62 MB) to /tmp/zipdeploy/extracted" date="2025-07-29T06:05:04.360" >
      <step title="ChmodRecursive Process exited with total time taken in ms: 40" date="2025-07-29T06:05:04.515" /><!-- duration: 3ms -->
    </step><!-- duration: 173ms -->
    <step title="Deployment timer started" date="2025-07-29T06:05:06.547" >
      <step title="DeploymentManager.Deploy(id:1f506ecd-4234-4049-92d5-06842016a7e3)" date="2025-07-29T06:05:06.564" >
        <step title="Collecting changeset information" date="2025-07-29T06:05:06.583" /><!-- duration: 114ms -->
        <step title="Updating submodules" date="2025-07-29T06:05:06.702" /><!-- duration: 1100ms -->
        <step title="Determining deployment builder" date="2025-07-29T06:05:08.105" >
          <step title="Builder is OneDeployBuilder" date="2025-07-29T06:05:08.129" /><!-- duration: 3ms -->
        </step><!-- duration: 33ms -->
        <step title="PreDeployment: context.CleanOutputPath False" date="2025-07-29T06:05:08.174" >
          <step title="PreDeployment: context.OutputPath /home/site/wwwroot" date="2025-07-29T06:05:08.273" >
            <step title="Building" date="2025-07-29T06:05:08.385" >
              <step title="Executing external process" date="2025-07-29T06:05:08.909" type="process" path="starter.sh" arguments="/opt/Kudu/Scripts/parallel_rsync.sh /tmp/zipdeploy/extracted /home/site/wwwroot 8 /tmp/ False False  " /><!-- duration: 4490ms -->
              <step title="Modified file to trigger a restart of the app container." date="2025-07-29T06:05:13.836" /><!-- duration: 2ms -->
              <step title="Skip function trigger and logicapp sync because function is not enabled." date="2025-07-29T06:05:13.842" /><!-- duration: 2ms -->
              <step title="Purge deployment items" date="2025-07-29T06:05:14.485" >
                <step title="Remove temp-9d3a, Pending, received at 07/29/2025 06:05:02" date="2025-07-29T06:05:14.525" /><!-- duration: 2ms -->
                <step title="Remove temp-82ec, Pending, received at 07/29/2025 06:04:36" date="2025-07-29T06:05:14.567" /><!-- duration: 2ms -->
              </step><!-- duration: 91ms -->
            </step><!-- duration: 6242ms -->
          </step><!-- duration: 6357ms -->
          <step title="Cleaning up temp files" date="2025-07-29T06:05:14.632" /><!-- duration: 8ms -->
          <step title="Cleaning up temp files" date="2025-07-29T06:05:14.649" /><!-- duration: 510ms -->
          <step title="Reloading status file with latest updates" date="2025-07-29T06:05:15.177" >
            <step title="WebHooksManager.PublishEventAsync: PostDeployment" date="2025-07-29T06:05:15.197" /><!-- duration: 61ms -->
          </step><!-- duration: 83ms -->
          <step title="Cleaning up temporary deployment - fetch deployment was successful" date="2025-07-29T06:05:15.265" /><!-- duration: 6ms -->
        </step><!-- duration: 7164ms -->
      </step><!-- duration: 8784ms -->
