﻿<?xml version="1.0" encoding="utf-8"?>
<deployment>
  <id>19c8c91860de6d14cb8fdb602a0316476d6209a4</id>
  <author>Greg</author>
  <deployer>GitHub</deployer>
  <authorEmail>gregjuva@gmail.com</authorEmail>
  <message>Update README.md</message>
  <progress></progress>
  <status>Failed</status>
  <statusText>Deployment has been stopped due to SCM container restart. The restart can happen due to a management operation on site. Do not perform a management operation and a deployment operation in quick succession. Adding a small delay can help avoid any conflicts.</statusText>
  <lastSuccessEndTime>2025-07-07T23:02:41.6774399Z</lastSuccessEndTime>
  <receivedTime>2025-07-07T22:53:11.2874805Z</receivedTime>
  <startTime>2025-07-08T00:17:38.4941042Z</startTime>
  <endTime>2025-07-08T00:24:12.680889Z</endTime>
  <complete>True</complete>
  <is_temp>False</is_temp>
  <is_readonly>False</is_readonly>
  <buildSummary />
</deployment>