﻿<?xml version="1.0" encoding="utf-8"?>
<deployment>
  <id>942c50f2-af2e-4726-92e4-4eab5cf3cb3f</id>
  <author>N/A</author>
  <deployer>OneDeploy</deployer>
  <authorEmail>N/A</authorEmail>
  <message>OneDeploy</message>
  <progress></progress>
  <status>Success</status>
  <statusText></statusText>
  <lastSuccessEndTime>2025-07-29T06:15:13.5601056Z</lastSuccessEndTime>
  <receivedTime>2025-07-29T06:14:58.0352894Z</receivedTime>
  <startTime>2025-07-29T06:14:59.5851296Z</startTime>
  <endTime>2025-07-29T06:15:13.5601056Z</endTime>
  <complete>True</complete>
  <is_temp>False</is_temp>
  <is_readonly>True</is_readonly>
  <buildSummary />
</deployment>