﻿<?xml version="1.0" encoding="utf-8"?>
<deployment>
  <id>fd79a428-fb71-42f9-9c2d-2c2c330110ce</id>
  <author>N/A</author>
  <deployer>OneDeploy</deployer>
  <authorEmail>N/A</authorEmail>
  <message>OneDeploy</message>
  <progress></progress>
  <status>Success</status>
  <statusText></statusText>
  <lastSuccessEndTime>2025-07-29T04:46:30.9102675Z</lastSuccessEndTime>
  <receivedTime>2025-07-29T04:46:15.7420155Z</receivedTime>
  <startTime>2025-07-29T04:46:17.2686314Z</startTime>
  <endTime>2025-07-29T04:46:30.9102675Z</endTime>
  <complete>True</complete>
  <is_temp>False</is_temp>
  <is_readonly>True</is_readonly>
  <buildSummary />
</deployment>