﻿<?xml version="1.0" encoding="utf-8"?>
<deployment>
  <id>1f506ecd-4234-4049-92d5-06842016a7e3</id>
  <author>N/A</author>
  <deployer>OneDeploy</deployer>
  <authorEmail>N/A</authorEmail>
  <message>OneDeploy</message>
  <progress></progress>
  <status>Success</status>
  <statusText></statusText>
  <lastSuccessEndTime>2025-07-29T06:05:14.1905809Z</lastSuccessEndTime>
  <receivedTime>2025-07-29T06:05:06.6149586Z</receivedTime>
  <startTime>2025-07-29T06:05:08.0529965Z</startTime>
  <endTime>2025-07-29T06:05:14.1905809Z</endTime>
  <complete>True</complete>
  <is_temp>False</is_temp>
  <is_readonly>True</is_readonly>
  <buildSummary />
</deployment>