﻿<?xml version="1.0" encoding="utf-8"?>
<deployment>
  <id>164edf9a-a1e2-4f4b-830b-53f69d9d0172</id>
  <author>N/A</author>
  <deployer>GITHUB_ZIP_DEPLOY</deployer>
  <authorEmail>N/A</authorEmail>
  <message>{"type":"deployment","sha":"8d28c15f81035584319e09554a25ae0bc94cf2c6","repoName":"marlondridley/scholargyMVPAzure","actor":"marlondridley","slotName":"production","commitMessage":"add GHActions workflow for Azure Deployment"}</message>
  <progress></progress>
  <status>Success</status>
  <statusText></statusText>
  <lastSuccessEndTime>2025-07-29T07:08:56.5607548Z</lastSuccessEndTime>
  <receivedTime>2025-07-29T07:08:32.7468033Z</receivedTime>
  <startTime>2025-07-29T07:08:34.0481197Z</startTime>
  <endTime>2025-07-29T07:08:56.5607548Z</endTime>
  <complete>True</complete>
  <is_temp>False</is_temp>
  <is_readonly>True</is_readonly>
  <buildSummary />
</deployment>